job_id,dataset,model,reciprocal,job,job_type,split,epoch,avg_loss,avg_penalty,avg_cost,metric_name,metric,child_folder,child_job_id,train.batch_size,train.optimizer,train.optimizer_args.lr,train.lr_scheduler_args.patience,lookup_embedder.dim,lookup_embedder.initialize,lookup_embedder.initialize_args.normal_.std,lookup_embedder.initialize_args.uniform_.a,lookup_embedder.regularize,lookup_embedder.regularize_args.weighted,distmult.entity_embedder.regularize_weight,distmult.relation_embedder.regularize_weight,distmult.entity_embedder.dropout,distmult.relation_embedder.dropout,negative_sampling.num_negatives_s,negative_sampling.num_negatives_o
70eb2f20,umls,reciprocal_relations_model,0,search,negative_sampling,valid,30,,,,mean_reciprocal_rank_filtered_with_test,0.6760073702759538,3,8dc7064a,256.0,Adam,0.7048806415262477,1.0,128.0,uniform_,0.0024786913935267224,-0.5955578011539485,lp,False,0.07161349921092429,7.63424923680258e-12,0.48251593858003616,-0.289026883430779,[],[]
70eb2f20,umls,reciprocal_relations_model,1,search,negative_sampling,valid,40,,,,mean_reciprocal_rank_filtered_with_test,0.0815055882272544,0,39421cb2,1024.0,Adam,0.0006904661833996662,4.0,64.0,normal_,0.05339362845889507,-0.9395986036970653,lp,False,6.528946540790683e-18,5.329256821883183e-19,0.22705333027988672,0.4179016388952732,[],[]
70eb2f20,umls,distmult,1,search,negative_sampling,valid,65,,,,mean_reciprocal_rank_filtered_with_test,0.8117097257836464,4,cfe687d2,128.0,Adagrad,0.12700267931942588,6.0,512.0,uniform_,5.4488382529583283e-05,-0.4622010473441611,,True,9.982991904570964e-11,8.6305158854786e-10,-0.025581550784409046,-0.07689823396503925,[],[]
70eb2f20,umls,distmult,1,search,negative_sampling,valid,400,,,,mean_reciprocal_rank_filtered_with_test,0.3670442031205066,1,83685303,1024.0,Adam,0.009354486748715541,3.0,512.0,xavier_normal_,0.0036450794851016297,-0.7089560116569324,lp,True,0.0003779279123449943,0.0003218691336948483,0.291928319260478,0.3126016026362777,[],[]
70eb2f20,umls,reciprocal_relations_model,1,search,negative_sampling,valid,400,,,,mean_reciprocal_rank_filtered_with_test,0.2152899057587231,5,4ffca536,128.0,Adagrad,0.17025348520503708,7.0,32.0,normal_,2.9774959199782224e-05,-0.20177455057037064,lp,False,1.6101768245372725e-11,5.159892584161912e-14,-0.461295697838068,-0.16141753178089857,[],[]
70eb2f20,umls,reciprocal_relations_model,0,search,negative_sampling,valid,210,,,,mean_reciprocal_rank_filtered_with_test,0.598730730864168,7,0e0840dd,512.0,Adagrad,0.0010192075431985678,8.0,128.0,xavier_uniform_,0.19864056434706745,-0.3568438160289079,lp,False,2.9000268180384746e-08,2.2396813009301223e-16,-0.21755179297178984,0.04035333730280399,[],[]
70eb2f20,umls,distmult,1,search,negative_sampling,valid,10,,,,mean_reciprocal_rank_filtered_with_test,0.8055307587231595,8,da801002,256.0,Adam,0.018577798435606474,1.0,32.0,xavier_normal_,0.00024801443078481506,-0.8652774371085409,,True,2.2476017990365853e-20,1.3817550854032877e-06,0.04342368897050619,-0.44922786951065063,[],[]
70eb2f20,umls,distmult,0,search,negative_sampling,valid,380,,,,mean_reciprocal_rank_filtered_with_test,0.4323015739581336,2,17ca755b,1024.0,Adagrad,0.23433782584318616,0.0,32.0,xavier_normal_,0.0005821938078502379,-0.9229577744778897,lp,False,1.7368238935505443e-12,1.18257085534203e-15,-0.40565876103937626,0.17166486755013466,[],[]
70eb2f20,umls,reciprocal_relations_model,1,search,negative_sampling,valid,30,,,,mean_reciprocal_rank_filtered_with_test,0.812464895423936,9,a6fa78c8,128.0,Adam,0.012862524599052122,10.0,256.0,normal_,0.05937150793669212,-0.4164774972832016,lp,True,1.4602764713192907e-05,1.860215415672346e-06,0.35726793482899666,-0.3228489626199007,[],[]
70eb2f20,umls,reciprocal_relations_model,0,search,negative_sampling,valid,215,,,,mean_reciprocal_rank_filtered_with_test,0.7312201283460745,6,fa1a0322,512.0,Adam,0.037214757033393074,6.0,64.0,normal_,1.2789284481280805e-05,-0.009327995000435019,,True,5.74720417499095e-19,8.42398139224078e-09,0.10479603428393602,0.4438482904806733,[],[]
70eb2f20,umls,distmult,0,search,negative_sampling,valid,135,,,,mean_reciprocal_rank_filtered_with_test,0.5116194274527895,11,52761950,256.0,Adagrad,0.002043730854786824,5.0,256.0,xavier_uniform_,0.012227602454922342,-0.518462323139552,lp,False,2.6634395400367664e-07,5.300046629730036e-18,-0.1503791967406869,-0.034973797388374805,[],[]
70eb2f20,umls,distmult,1,search,negative_sampling,valid,355,,,,mean_reciprocal_rank_filtered_with_test,0.8350337677938076,13,3f154801,512.0,Adam,0.5814579799981263,7.0,512.0,xavier_normal_,0.00012710070663616072,-0.27964205468249503,lp,False,0.0038947235265209923,6.792898864286891e-13,0.4151622671633959,0.29439116455614567,[],[]
70eb2f20,umls,reciprocal_relations_model,0,search,negative_sampling,valid,75,,,,mean_reciprocal_rank_filtered_with_test,0.0797218486575261,14,6b027b47,256.0,Adagrad,0.003159602333082272,2.0,64.0,uniform_,0.015880469705961263,-0.7550862671504542,lp,True,6.512277897627163e-15,0.004316425933491986,-0.339427649974823,-0.1954531967639923,[],[]
70eb2f20,umls,reciprocal_relations_model,0,search,negative_sampling,valid,25,,,,mean_reciprocal_rank_filtered_with_test,0.0516909616856487,15,e3a4bb0f,1024.0,Adagrad,0.055867318182299494,2.0,128.0,xavier_uniform_,0.00105945203891696,-0.6628816973570828,,True,1.2904974997084584e-09,3.145758560415571e-10,-0.09086192306131124,0.06663561519235373,[],[]
70eb2f20,umls,distmult,0,search,negative_sampling,valid,400,,,,mean_reciprocal_rank_filtered_with_test,0.2303010671416674,10,d0bb2757,128.0,Adam,0.00030341743326047215,9.0,16.0,uniform_,0.8648115663612783,-0.18521067949123682,lp,False,1.186208379230972e-16,5.0021635057520106e-20,0.17160152923315763,-0.4076390443369746,[],[]
70eb2f20,umls,distmult,1,search,negative_sampling,valid,355,,,,mean_reciprocal_rank_filtered_with_test,0.0660623070652499,12,8d723542,1024.0,Adam,0.0011273566738463682,5.0,64.0,uniform_,0.005287179341850045,-0.9049698574362229,,True,3.785734518634557e-10,1.0064326833321794e-11,-0.3554828315973282,-0.2627772791311145,[],[]
70eb2f20,umls,reciprocal_relations_model,0,search,negative_sampling,valid,5,,,,mean_reciprocal_rank_filtered_with_test,0.059971645565852,19,80091d4d,128.0,Adagrad,0.026492779923528203,4.0,512.0,xavier_normal_,2.056330434212989e-05,-0.38072828896889466,lp,False,2.515908888805464e-17,0.06342864090544183,0.40497242100536823,0.22682759072631598,[],[]
70eb2f20,umls,reciprocal_relations_model,0,search,negative_sampling,valid,10,,,,mean_reciprocal_rank_filtered_with_test,0.435020587195648,18,11d3a61a,512.0,Adagrad,0.0070917781846516655,0.0,16.0,uniform_,0.14006399525996743,-0.03724538032188074,lp,False,0.0187835235203288,5.089007969864397e-09,0.14859421085566282,-0.09801382571458817,[],[]
70eb2f20,umls,distmult,1,search,negative_sampling,valid,25,,,,mean_reciprocal_rank_filtered_with_test,0.8050158916075537,21,765fdd96,256.0,Adam,0.16689757560238344,10.0,128.0,xavier_uniform_,0.00035112423517940917,-0.5598685815207474,lp,True,2.1700480319851354e-14,7.986546397767607e-19,-0.1041095769032836,0.3760289717465639,[],[]
70eb2f20,umls,distmult,1,search,negative_sampling,valid,225,,,,mean_reciprocal_rank_filtered_with_test,0.053951105457142,17,bc7095b9,512.0,Adagrad,0.0005848873476956287,1.0,256.0,normal_,0.36729241242804733,-0.2987858804916683,,True,8.477920302666041e-20,1.8931656334879854e-14,0.3381614424288273,-0.14029488433152437,[],[]
70eb2f20,umls,reciprocal_relations_model,1,search,negative_sampling,valid,65,,,,mean_reciprocal_rank_filtered_with_test,0.563107449584212,20,48101eb4,256.0,Adam,0.08377888020224704,8.0,16.0,xavier_uniform_,0.0017477365243993691,-0.7916251769568771,lp,False,1.1235005476788283e-07,3.0013175796698252e-05,-0.4149946216493845,0.35446725878864527,[],[]
70eb2f20,umls,reciprocal_relations_model,1,search,negative_sampling,valid,5,,,,mean_reciprocal_rank_filtered_with_test,0.0443907281372444,24,410985f1,1024.0,Adam,0.006093396101680177,8.0,256.0,xavier_uniform_,0.036875306065342055,-0.6341669812252838,lp,False,4.200843913440686e-12,1.2345774725253403e-07,-0.17033520434051752,-0.47547040320932865,[],[]
70eb2f20,umls,distmult,0,search,negative_sampling,valid,50,,,,mean_reciprocal_rank_filtered_with_test,0.6678637639145178,23,2a17a424,128.0,Adagrad,0.8715380423469897,3.0,32.0,xavier_normal_,7.903597759494243e-05,-0.14264088302429767,lp,True,9.703477832107508e-05,7.873511137707015e-17,0.09069439489394426,0.0036076270043849945,[],[]
70eb2f20,umls,distmult,0,search,negative_sampling,valid,50,,,,mean_reciprocal_rank_filtered_with_test,0.7708841803615079,22,e3dfe25f,512.0,Adam,0.06909445765325076,4.0,32.0,xavier_uniform_,8.977679764146269e-05,-0.08313713487097985,lp,False,1.0418805090496696e-06,2.167105791819161e-05,-0.48417945578694344,-0.3442201390862465,[],[]
70eb2f20,umls,reciprocal_relations_model,1,search,negative_sampling,valid,70,,,,mean_reciprocal_rank_filtered_with_test,0.7753190584709307,25,5df367c5,256.0,Adagrad,0.00048283732428816643,6.0,256.0,uniform_,0.022521886931996304,-0.5766161001245211,,True,2.188922478378322e-18,3.5200620234155306e-15,0.27880136482417583,0.13004778511822224,[],[]
70eb2f20,umls,reciprocal_relations_model,1,search,negative_sampling,valid,230,,,,mean_reciprocal_rank_filtered_with_test,0.8069814670305311,16,78374ed6,1024.0,Adagrad,0.3832748377992566,9.0,32.0,normal_,0.0015340502045796795,-0.9819889249227755,lp,True,3.7933864156665704e-06,1.3878606115398015e-17,0.02724494691938162,-0.008987407200038433,[],[]
70eb2f20,umls,distmult,1,search,negative_sampling,valid,70,,,,mean_reciprocal_rank_filtered_with_test,0.668856334101203,29,ee48190b,128.0,Adam,0.002677092784319327,0.0,128.0,xavier_normal_,0.5962171311403016,-0.49110297234251166,lp,False,4.584503473856248e-13,8.632993886166508e-08,-0.22786233853548765,0.4808502187952399,[],[]
70eb2f20,umls,distmult,0,search,negative_sampling,valid,400,,,,mean_reciprocal_rank_filtered_with_test,0.2966146644639091,27,d2d75fa2,1024.0,Adagrad,0.036454655751461666,9.0,128.0,uniform_,0.00040137162686943774,-0.7444951231499761,lp,False,4.615476890356091e-16,0.0007660077140161344,0.4624403044581413,-0.2214630339294672,[],[]
70eb2f20,umls,reciprocal_relations_model,0,search,negative_sampling,valid,125,,,,mean_reciprocal_rank_filtered_with_test,0.7790898048073236,26,2e1b0eb9,128.0,Adam,0.0015497925047380126,2.0,16.0,xavier_uniform_,0.08596702167566601,-0.21991905489855446,,True,4.941404426405037e-09,4.718096160600108e-13,-0.2922185119241476,0.25741275772452354,[],[]
70eb2f20,umls,reciprocal_relations_model,1,search,negative_sampling,valid,245,,,,mean_reciprocal_rank_filtered_with_test,0.7543867614371645,28,f5b5c7a2,512.0,Adam,0.3342542346851078,3.0,512.0,uniform_,1.813813977710967e-05,-0.3152430621862039,lp,True,1.6826962521269986e-15,3.6259014814284934e-20,-0.04456841666251421,-0.38629132974892855,[],[]
70eb2f20,umls,distmult,1,search,negative_sampling,valid,5,,,,mean_reciprocal_rank_filtered_with_test,0.2471501637090203,32,41aa9d69,256.0,Adagrad,0.014216585033152249,7.0,64.0,normal_,0.008637003941124537,-0.8375312867685873,lp,False,0.001033552042132354,5.826349985884678e-11,0.21784186456352472,0.10827620420604944,[],[]
70eb2f20,umls,distmult,0,search,negative_sampling,valid,115,,,,mean_reciprocal_rank_filtered_with_test,0.5361931455647287,31,0aca8c70,1024.0,Adam,0.4820685060738576,2.0,256.0,uniform_,0.07509997662771274,-0.2095062797391507,lp,True,7.703438600386397e-16,1.1132114843895866e-09,0.12670833710581064,0.17948189284652472,[],[]
70eb2f20,umls,reciprocal_relations_model,1,search,negative_sampling,valid,45,,,,mean_reciprocal_rank_filtered_with_test,0.8617541541351131,33,474c3ca2,128.0,Adagrad,0.0033697723238640225,9.0,32.0,normal_,0.000655808346523217,-0.701093175932467,,False,0.0006465765593612701,1.7651169979914755e-19,-0.11235599685460329,-0.3306659562513232,[],[]
70eb2f20,umls,reciprocal_relations_model,0,search,negative_sampling,valid,55,,,,mean_reciprocal_rank_filtered_with_test,0.7379694277523485,35,2fe53018,512.0,Adagrad,0.05239416800748766,7.0,512.0,normal_,0.009860526305957353,-0.8575137750706542,lp,False,1.8207248011992484e-16,2.099564966854596e-12,-0.3648278843611479,0.46729602105915546,[],[]
70eb2f20,umls,distmult,0,search,negative_sampling,valid,400,,,,mean_reciprocal_rank_filtered_with_test,0.5023292120248993,30,cecf5901,256.0,Adam,0.0003657128342232576,2.0,32.0,xavier_normal_,1.1010002665783241e-05,-0.3647357534301653,lp,True,2.779978597411122e-09,0.01338772973342662,0.38198791444301605,-0.05842150002717972,[],[]
70eb2f20,umls,distmult,0,search,negative_sampling,valid,5,,,,mean_reciprocal_rank_filtered_with_test,0.0549040718312643,38,115df751,512.0,Adagrad,0.24946280864517625,6.0,64.0,uniform_,0.016492441924868165,-0.6189212881423812,lp,True,3.4123076950544536e-06,5.411561774337995e-07,-0.17966690938919783,0.302208230830729,[],[]
70eb2f20,umls,reciprocal_relations_model,1,search,negative_sampling,valid,200,,,,mean_reciprocal_rank_filtered_with_test,0.5684979678663008,37,ea8892c6,256.0,Adam,0.01059947257523518,5.0,512.0,uniform_,0.00017644441964267954,-0.09635936176823445,,False,1.4597385649275768e-13,3.411110385456247e-16,0.06765839364379644,-0.2032702313736081,[],[]
70eb2f20,umls,reciprocal_relations_model,0,search,negative_sampling,valid,25,,,,mean_reciprocal_rank_filtered_with_test,0.7431467442424751,39,cf960a3c,1024.0,Adam,0.045128125981499186,0.0,16.0,xavier_uniform_,0.8212417997279616,-0.4388046738218423,lp,False,8.075842559814348e-07,9.464446203923887e-14,0.31622407399117947,0.09008341655135155,[],[]
70eb2f20,umls,distmult,1,search,negative_sampling,valid,5,,,,mean_reciprocal_rank_filtered_with_test,0.2691400446043424,41,db477fd3,128.0,Adagrad,0.0019202315459919063,10.0,128.0,uniform_,0.0007828606155264716,-0.9631070402815006,lp,True,6.267821254387041e-19,0.00014850757818278649,-0.4232276938855648,-0.4310868177562952,[],[]
70eb2f20,umls,distmult,1,search,negative_sampling,valid,215,,,,mean_reciprocal_rank_filtered_with_test,0.7053430007279284,36,bfb31139,512.0,Adam,0.008786932436279836,8.0,128.0,xavier_uniform_,0.0028651426142832985,-0.7784824171575904,,False,3.77111529765762e-12,4.118803443554408e-18,0.002383609302341938,0.2135175932198763,[],[]
70eb2f20,umls,reciprocal_relations_model,0,search,negative_sampling,valid,400,,,,mean_reciprocal_rank_filtered_with_test,0.6472969289206288,34,9fa801de,256.0,Adagrad,0.20660726351939715,1.0,16.0,normal_,0.31968864018718673,-0.2561329177504871,lp,True,3.1667878296730626e-05,2.5373313844888768e-08,-0.23511693719774485,-0.31245557218790054,[],[]
70eb2f20,umls,reciprocal_relations_model,0,search,negative_sampling,valid,50,,,,mean_reciprocal_rank_filtered_with_test,0.0416214568483317,43,a4f21513,1024.0,Adagrad,0.0008405203038798175,3.0,512.0,normal_,4.8067238092905694e-05,-0.1618464921552315,lp,True,6.835120999368882e-20,6.743387416839787e-06,-0.49057956226170063,0.42570727970451117,[],[]
70eb2f20,umls,distmult,1,search,negative_sampling,valid,175,,,,mean_reciprocal_rank_filtered_with_test,0.8222857516236101,40,284a584e,128.0,Adam,0.019772207590205457,7.0,64.0,uniform_,0.0420039652122764,-0.6863617624143232,lp,False,3.155250417851698e-08,1.0833934387458285e-15,0.25479451939463615,-0.08470384310930967,[],[]
70eb2f20,umls,distmult,0,search,negative_sampling,valid,5,,,,mean_reciprocal_rank_filtered_with_test,0.7106596121758771,46,bdf0aa2b,1024.0,Adagrad,0.004615265373905425,4.0,64.0,uniform_,4.049351284198986e-05,-0.4242414126382954,,False,0.008445908213760967,1.274292547930675e-19,-0.050985693000257015,0.3360302709043026,[],[]
70eb2f20,umls,reciprocal_relations_model,0,search,negative_sampling,valid,75,,,,mean_reciprocal_rank_filtered_with_test,0.5793867988820456,42,f1b8ea52,128.0,Adam,0.6608833718048103,6.0,256.0,normal_,0.003862805457663019,-0.9150665672262293,lp,True,1.4140343972665477e-14,2.0701977182570363e-10,0.1938750771805644,-0.18484617210924625,[],[]
70eb2f20,umls,reciprocal_relations_model,1,search,negative_sampling,valid,80,,,,mean_reciprocal_rank_filtered_with_test,0.339186288096422,44,1debe304,512.0,Adam,0.0007362265282048722,10.0,16.0,xavier_uniform_,0.0001797896813547468,-0.5107313241203688,lp,True,1.5287732022900815e-10,0.0023602433595800486,0.437619024887681,0.04815889988094568,[],[]
70eb2f20,umls,distmult,1,search,negative_sampling,valid,25,,,,mean_reciprocal_rank_filtered_with_test,0.6300032914050517,49,23553dcd,256.0,Adagrad,0.10537419313527784,1.0,256.0,xavier_normal_,0.19221238120987486,-0.017191084042107674,lp,False,1.4107645308515314e-17,1.467911551767788e-12,-0.2994902804493904,-0.4570334004238248,[],[]
70eb2f20,umls,distmult,0,search,negative_sampling,valid,150,,,,mean_reciprocal_rank_filtered_with_test,0.651589422869536,47,98fa211e,512.0,Adagrad,0.030066689773928377,3.0,256.0,normal_,0.02391330371691013,-0.7993275734831765,lp,True,6.914870190681815e-10,1.7379290079480886e-18,0.23543708305805922,-0.36765214521437883,[],[]
70eb2f20,umls,reciprocal_relations_model,1,search,negative_sampling,valid,400,,,,mean_reciprocal_rank_filtered_with_test,0.3494858771014067,45,1078ee24,256.0,Adam,0.001649202547158038,7.0,64.0,uniform_,0.0001218167202878843,-0.2909552235030103,lp,False,4.601934907246474e-17,2.7856136543895197e-09,-0.003558351658284664,0.15347976330667734,[],[]
70eb2f20,umls,reciprocal_relations_model,0,search,negative_sampling,valid,145,,,,mean_reciprocal_rank_filtered_with_test,0.6510316813650306,51,a3149528,1024.0,Adam,0.3140181243848808,9.0,256.0,xavier_normal_,0.5792592332639317,-0.13484838007733224,,False,0.0026414624678316894,0.04147949761134704,-0.2551147863268852,-0.016788678243756294,[],[]
70eb2f20,umls,distmult,1,search,negative_sampling,valid,5,,,,mean_reciprocal_rank_filtered_with_test,0.0531457128700303,52,c4a6c4e5,128.0,Adagrad,0.017250346624474416,2.0,16.0,xavier_uniform_,0.001108741048861113,-0.6420906354309712,lp,True,3.064070390361202e-15,2.5594745438127296e-11,0.49175418354570866,0.48865145817399025,[],[]
70eb2f20,umls,distmult,0,search,negative_sampling,valid,25,,,,mean_reciprocal_rank_filtered_with_test,0.7346827969229295,54,4cc5fe1c,1024.0,Adam,0.07368164219288795,9.0,16.0,normal_,0.10636051148825991,-0.40406387381201603,lp,True,1.5507435652681738e-19,7.162472417303463e-17,-0.19465311709791422,-0.24489508848637342,[],[]
70eb2f20,umls,reciprocal_relations_model,0,search,negative_sampling,valid,20,,,,mean_reciprocal_rank_filtered_with_test,0.1118704672971386,55,2e8b470b,128.0,Adagrad,0.00040055461455385183,0.0,128.0,xavier_uniform_,0.00046256545529237895,-0.8815222244319971,lp,False,2.0521221189139285e-07,4.471098107987281e-07,0.0526180611923337,0.28084478434175253,[],[]
70eb2f20,umls,reciprocal_relations_model,1,search,negative_sampling,valid,350,,,,mean_reciprocal_rank_filtered_with_test,0.8092139308437979,48,cef07ac1,512.0,Adagrad,0.4623646368646719,4.0,64.0,xavier_normal_,0.0068077397572331826,-0.5364438439217396,,False,5.93171249087876e-13,9.098008551843847e-05,0.3002681992948055,-0.3940926790237427,[],[]
70eb2f20,umls,distmult,1,search,negative_sampling,valid,35,,,,mean_reciprocal_rank_filtered_with_test,0.8233620111196319,57,94704dec,256.0,Adam,0.002509722067795502,6.0,512.0,normal_,1.5964176134522218e-05,-0.06078696420791552,lp,True,1.3645258756489599e-05,1.4736316021188885e-14,-0.4392515141516924,0.11607752181589603,[],[]
70eb2f20,umls,distmult,1,search,negative_sampling,valid,10,,,,mean_reciprocal_rank_filtered_with_test,0.6855621337890625,56,88066f50,1024.0,Adagrad,0.0005484497927011574,8.0,512.0,normal_,2.8591686418458096e-05,-0.24334404581476932,lp,False,7.935156149682363e-09,3.979013913492832e-08,0.11215744819492102,-0.27059768326580524,[],[]
70eb2f20,umls,reciprocal_relations_model,1,search,negative_sampling,valid,240,,,,mean_reciprocal_rank_filtered_with_test,0.8184869684324674,53,9bd9b1cc,128.0,Adam,0.10099067110914973,3.0,64.0,normal_,0.005476472577183341,-0.7209542694135382,lp,True,1.6736933043131036e-20,2.5279712062315636e-17,-0.1254110513255,0.2346479631960392,[],[]
70eb2f20,umls,reciprocal_relations_model,0,search,negative_sampling,valid,290,,,,mean_reciprocal_rank_filtered_with_test,0.3869423895525786,50,87c6568d,512.0,Adam,0.005051295777537629,1.0,128.0,xavier_normal_,0.00026041487498112926,-0.8141964320750628,lp,True,0.00012524745994013162,5.370380319249617e-15,-0.3817892484366894,-0.12145733553916216,[],[]
70eb2f20,umls,distmult,0,search,negative_sampling,valid,160,,,,mean_reciprocal_rank_filtered_with_test,0.3424706254268716,58,c4f247da,256.0,Adagrad,0.9296403299017015,8.0,16.0,xavier_uniform_,0.1325643487772374,-0.3386909485076367,,False,1.5156230138644632e-11,8.541025493922718e-06,0.36353071592748165,0.39947245363146067,[],[]
70eb2f20,umls,distmult,0,search,negative_sampling,valid,20,,,,mean_reciprocal_rank_filtered_with_test,0.4830823558971194,62,07a5356b,512.0,Adam,0.0013668881457153078,0.0,32.0,normal_,0.0019760009884188354,-0.5844083795563038,lp,False,3.529043260893024e-18,6.385279437448984e-11,-0.06700194347649813,-0.14811524748802185,[],[]
70eb2f20,umls,reciprocal_relations_model,0,search,negative_sampling,valid,10,,,,mean_reciprocal_rank_filtered_with_test,0.7245924311912865,63,263ade03,256.0,Adagrad,0.024894560632562655,10.0,128.0,xavier_uniform_,0.4630462324785832,-0.07521278031771994,lp,True,3.7635000608682516e-11,1.0042538288823559e-20,0.17791199032217264,0.3622875902801752,[],[]
70eb2f20,umls,reciprocal_relations_model,0,search,negative_sampling,valid,400,,,,mean_reciprocal_rank_filtered_with_test,0.5914343149384107,59,d6c668b7,1024.0,Adagrad,0.007548688758098222,5.0,32.0,xavier_normal_,6.814796819559569e-05,-0.4833998754686396,lp,True,5.562761706351986e-14,1.560144045344717e-13,0.4225713610649109,-0.498913842253387,[],[]
70eb2f20,umls,distmult,1,search,negative_sampling,valid,235,,,,mean_reciprocal_rank_filtered_with_test,0.8330988971733608,60,b8bb5043,128.0,Adam,0.13755251627873036,4.0,256.0,normal_,0.02965853361904348,-0.9898193583962508,,False,0.03412614371523714,0.000981746742135701,-0.3144690375775099,0.02705103810876608,[],[]
70eb2f20,umls,distmult,1,search,negative_sampling,valid,190,,,,mean_reciprocal_rank_filtered_with_test,0.0949896010884478,61,23c75ceb,1024.0,Adagrad,0.09450339282340531,9.0,512.0,xavier_normal_,0.00029279733253307217,-0.5244375927034113,lp,True,0.06387663201596074,1.3383320078188214e-10,0.3485989896580577,-0.17160093691200018,[],[]
70eb2f20,umls,reciprocal_relations_model,1,search,negative_sampling,valid,125,,,,mean_reciprocal_rank_filtered_with_test,0.63141529106655,65,f887650e,128.0,Adam,0.0005163292224327484,2.0,64.0,normal_,0.11803202753999796,-0.002362750615477527,lp,False,9.833181020802328e-14,8.353786893541041e-20,-0.3967495849356055,0.3231512112542987,[],[]
70eb2f20,umls,reciprocal_relations_model,1,search,negative_sampling,valid,5,,,,mean_reciprocal_rank_filtered_with_test,0.0511130760052452,68,e21bb82b,512.0,Adam,0.9875128434246468,3.0,128.0,normal_,2.4799216250829778e-05,-0.4078042374152411,,False,8.546298938955053e-11,1.1340753937987034e-12,-0.1414700523018837,-0.4442783482372761,[],[]
70eb2f20,umls,distmult,0,search,negative_sampling,valid,135,,,,mean_reciprocal_rank_filtered_with_test,0.7195146712788775,67,6544cafb,256.0,Adagrad,0.005397848752490551,7.0,16.0,xavier_uniform_,0.0063092955034239565,-0.9325941649935022,lp,True,7.232315290788502e-18,0.0018369532474515238,0.09612705744802952,0.03479347191751003,[],[]
70eb2f20,umls,distmult,0,search,negative_sampling,valid,30,,,,mean_reciprocal_rank_filtered_with_test,0.7022662016511695,70,651a1e0d,512.0,Adam,0.02329469692798391,5.0,16.0,xavier_normal_,6.539814117877796e-05,-0.17801663937735368,lp,True,2.8565072414710364e-11,1.9800593749335306e-08,-0.33075875882059336,-0.2939612427726388,[],[]
70eb2f20,umls,reciprocal_relations_model,0,search,negative_sampling,valid,5,,,,mean_reciprocal_rank_filtered_with_test,0.0482712260053201,71,324adc25,256.0,Adagrad,0.0012868743348208654,6.0,256.0,xavier_uniform_,0.03087965232246119,-0.669116451284457,lp,False,0.0002198964750875177,3.1736094012970712e-18,0.4062530295923352,0.1956335948780179,[],[]
70eb2f20,umls,reciprocal_relations_model,0,search,negative_sampling,valid,400,,,,mean_reciprocal_rank_filtered_with_test,0.2488618160318012,66,91736e68,1024.0,Adagrad,0.1461019878178466,10.0,64.0,xavier_normal_,0.002100324192577844,-0.7644938619371411,,False,3.816729875491865e-20,7.083384508142391e-16,0.16269220039248466,-0.06669971160590649,[],[]
70eb2f20,umls,distmult,1,search,negative_sampling,valid,400,,,,mean_reciprocal_rank_filtered_with_test,0.850975177039398,69,a71bf0fd,128.0,Adam,0.008067330559765754,0.0,256.0,uniform_,0.4361566976868002,-0.27122827917804937,lp,True,1.6195022654565175e-08,4.371091057986607e-06,-0.08219312317669392,0.40733689814805984,[],[]
70eb2f20,umls,distmult,1,search,negative_sampling,valid,75,,,,mean_reciprocal_rank_filtered_with_test,0.8294976357302052,73,b2f4905d,512.0,Adagrad,0.0017625130051438856,1.0,256.0,xavier_normal_,0.5027946288342812,-0.4557387419223785,lp,False,2.39839301852206e-05,5.262608819412551e-16,0.47580027487128973,-0.19027097895741463,[],[]
70eb2f20,umls,reciprocal_relations_model,0,search,negative_sampling,valid,20,,,,mean_reciprocal_rank_filtered_with_test,0.0568047505946247,75,10877536,256.0,Adam,0.03193546190148985,8.0,32.0,normal_,0.0012782904926320038,-0.9470509807965253,lp,True,1.1158577635020917e-12,8.276583247639087e-07,-0.27103627007454634,0.2885986026376486,[],[]
70eb2f20,umls,reciprocal_relations_model,1,search,negative_sampling,valid,135,,,,mean_reciprocal_rank_filtered_with_test,0.8120836129217791,72,05b87c39,1024.0,Adam,0.01624055955667306,7.0,128.0,xavier_normal_,0.026857701281436573,-0.6037435483315959,lp,True,4.184550062398122e-07,0.00019272898199930918,-0.01862543448805809,-0.41759738232940435,[],[]
70eb2f20,umls,distmult,1,search,negative_sampling,valid,15,,,,mean_reciprocal_rank_filtered_with_test,0.0435594429999041,77,175a1286,128.0,Adagrad,0.29383756337003275,4.0,32.0,uniform_,0.00010834477166310469,-0.1106908693719375,,False,3.5415202290861163e-19,1.212867916641335e-13,0.22033757530152798,0.07696015667170286,[],[]
70eb2f20,umls,distmult,0,search,negative_sampling,valid,120,,,,mean_reciprocal_rank_filtered_with_test,0.7412086908071319,74,c46b416b,1024.0,Adam,0.00042803536393345483,5.0,16.0,xavier_normal_,0.007227404640556818,-0.8729585428823716,lp,False,5.4065866042142014e-15,2.2680433962940333e-19,-0.4545798497274518,-0.3129060249775648,[],[]
70eb2f20,umls,reciprocal_relations_model,0,search,negative_sampling,valid,90,,,,mean_reciprocal_rank_filtered_with_test,0.4510806967144363,78,3c3a2652,128.0,Adagrad,0.0782685148758444,4.0,128.0,xavier_uniform_,1.5019135977370016e-05,-0.3501219591890554,lp,True,0.0049502224188240395,1.4408418542132677e-09,0.28497228864580393,0.16135571151971817,[],[]
70eb2f20,umls,reciprocal_relations_model,1,search,negative_sampling,valid,400,,,,mean_reciprocal_rank_filtered_with_test,0.8256503614179928,64,66cab2af,512.0,Adagrad,0.0023627374119425475,1.0,64.0,uniform_,0.1021551049327499,-0.1928544982760213,lp,True,9.445637471245543e-17,0.020420935307465016,0.03646762669086456,-0.04017137084156275,[],[]
70eb2f20,umls,distmult,0,search,negative_sampling,valid,75,,,,mean_reciprocal_rank_filtered_with_test,0.5090548743499569,79,2ae0136a,256.0,Adam,0.4326639918854294,10.0,512.0,uniform_,0.00048201781307586185,-0.7168822074165102,,False,1.569010708803714e-09,3.247836774507266e-12,-0.21083597652614117,0.44965622294694185,[],[]
70eb2f20,umls,distmult,1,search,negative_sampling,valid,125,,,,mean_reciprocal_rank_filtered_with_test,0.84636065711273,76,d14053f1,512.0,Adam,0.1929529082023723,7.0,128.0,xavier_uniform_,4.515110701961481e-05,-0.49707606822121886,lp,True,2.938790520301541e-17,1.543121324957134e-20,0.26989217940717936,0.34379559475928545,[],[]
70eb2f20,umls,reciprocal_relations_model,1,search,negative_sampling,valid,400,,,,mean_reciprocal_rank_filtered_with_test,0.3226975751069426,81,ed1226b8,256.0,Adagrad,0.008288716619991667,3.0,16.0,uniform_,0.044774561321168534,-0.9750219799598027,,False,3.417628362151677e-10,9.726974026214553e-11,-0.4755105124786496,-0.13023356441408396,[],[]
70eb2f20,umls,reciprocal_relations_model,0,search,negative_sampling,valid,210,,,,mean_reciprocal_rank_filtered_with_test,0.5821369849831048,83,8e97c4f6,1024.0,Adagrad,0.02096152048354857,2.0,512.0,uniform_,0.002974585818799262,-0.5679411434037983,lp,False,2.4328371044549208e-14,0.0012792763911927884,-0.2191933672875166,0.009045407176017761,[],[]
70eb2f20,umls,distmult,1,search,negative_sampling,valid,400,,,,mean_reciprocal_rank_filtered_with_test,0.1224203051233584,80,545d1e88,128.0,Adam,0.0008999668661198365,9.0,64.0,xavier_normal_,0.3076374830902193,-0.09277134797618725,lp,True,0.01623163700034487,2.0072207787099337e-13,0.018335789442062378,-0.480541979894042,[],[]
70eb2f20,umls,distmult,0,search,negative_sampling,valid,160,,,,mean_reciprocal_rank_filtered_with_test,0.6138898697367475,82,74282f46,1024.0,Adagrad,0.6171876600837893,0.0,32.0,normal_,0.00020652321911443855,-0.8303356094059907,lp,True,6.615947247219952e-08,3.2610856235932306e-17,-0.2833092687651515,0.22140492778271437,[],[]
70eb2f20,umls,reciprocal_relations_model,1,search,negative_sampling,valid,65,,,,mean_reciprocal_rank_filtered_with_test,0.6016863489443539,85,c4e6ba3b,128.0,Adam,0.004353717306625215,9.0,512.0,xavier_normal_,0.16716513300124633,-0.3214756983072218,,False,1.5181650362931755e-19,5.171073024041556e-08,0.45377142634242773,-0.25772083457559347,[],[]
70eb2f20,umls,reciprocal_relations_model,0,search,negative_sampling,valid,5,,,,mean_reciprocal_rank_filtered_with_test,0.0609613956849267,86,e5dde206,512.0,Adam,0.11170213174941238,6.0,32.0,uniform_,3.5957792258873436e-05,-0.2293245356041379,lp,False,5.469614797381062e-05,1.2976218896741168e-05,0.20917307399213314,0.38671579770743847,[],[]
70eb2f20,umls,distmult,1,search,negative_sampling,valid,50,,,,mean_reciprocal_rank_filtered_with_test,0.8445335341377492,84,d262fd8a,256.0,Adagrad,0.0007883698098685914,4.0,256.0,xavier_normal_,0.0043559150013731205,-0.7360797066715639,lp,True,7.219982821865507e-12,8.274109269160162e-15,-0.03565908595919609,-0.10809029266238213,[],[]
70eb2f20,umls,distmult,1,search,negative_sampling,valid,5,,,,mean_reciprocal_rank_filtered_with_test,0.0488214522051664,89,c297131c,1024.0,Adam,0.0036084366217320678,3.0,256.0,xavier_uniform_,0.010246738821312822,-0.5534079133476782,,False,1.3932647753844964e-18,2.9018747738048263e-07,0.3980162190273404,0.26308323442935944,[],[]
70eb2f20,umls,reciprocal_relations_model,0,search,negative_sampling,valid,80,,,,mean_reciprocal_rank_filtered_with_test,0.714431481858704,90,836b7bcf,128.0,Adagrad,0.5110177186227658,8.0,16.0,xavier_normal_,1.0604856126699409e-05,-0.04469987522769714,lp,True,1.6907352658946854e-06,4.7145907430508623e-17,-0.3487671548500657,-0.2267673071473837,[],[]
70eb2f20,umls,reciprocal_relations_model,0,search,negative_sampling,valid,270,,,,mean_reciprocal_rank_filtered_with_test,0.6751966885993818,87,81df4f8d,512.0,Adagrad,0.0003449878103684059,8.0,256.0,uniform_,0.07045326699373969,-0.38891615022764536,lp,True,2.79136070752795e-13,1.1339675581961378e-14,-0.0973938126116991,0.0978296073153615,[],[]
70eb2f20,umls,distmult,1,search,negative_sampling,valid,130,,,,mean_reciprocal_rank_filtered_with_test,0.8012646634154524,88,54ff4902,256.0,Adam,0.0489300159970266,1.0,64.0,xavier_normal_,0.0006981682415123638,-0.8958227174414695,lp,False,5.9042550813784284e-06,7.052436813070462e-05,0.14163809642195702,-0.37645507697016,[],[]
70eb2f20,umls,distmult,0,search,negative_sampling,valid,400,,,,mean_reciprocal_rank_filtered_with_test,0.1850896612998166,91,601e6028,512.0,Adagrad,0.011349129904447294,10.0,64.0,normal_,0.7282694657379324,-0.1503241624832805,,False,6.205675077974953e-09,2.165077863927791e-09,-0.40803860034793615,0.14047902636229992,[],[]
70eb2f20,umls,reciprocal_relations_model,0,search,negative_sampling,valid,20,,,,mean_reciprocal_rank_filtered_with_test,0.0536373466070444,95,5d319ba1,256.0,Adam,0.264468180876766,0.0,512.0,uniform_,0.0008816059153447585,-0.6274468249634466,lp,True,3.7961111683284294e-16,1.333779916986381e-18,0.33144559245556593,-0.3540410213172436,[],[]
70eb2f20,umls,reciprocal_relations_model,1,search,negative_sampling,valid,365,,,,mean_reciprocal_rank_filtered_with_test,0.3194071061772071,93,5293c3ad,1024.0,Adam,0.0018113551281878219,4.0,16.0,xavier_uniform_,0.018963697036558008,-0.78270682151529,lp,True,0.0012449482862937527,1.6802437526157142e-11,0.08397857286036015,0.4751643417403102,[],[]
70eb2f20,umls,distmult,1,search,negative_sampling,valid,400,,,,mean_reciprocal_rank_filtered_with_test,0.2688073000293567,97,7d2787ac,128.0,Adagrad,0.04214567775365655,5.0,128.0,xavier_normal_,0.0001536052956800149,-0.30671425366165117,lp,False,1.3238794694847433e-15,0.026993408646344964,-0.16337915509939194,-0.0036677485331892967,[],[]
70eb2f20,umls,distmult,1,search,negative_sampling,valid,400,,,,mean_reciprocal_rank_filtered_with_test,0.7398896480630512,92,8fdf207d,512.0,Adam,0.00045539975548758,1.0,32.0,xavier_uniform_,0.0013174432228598458,-0.676969511944931,,True,0.0005852675501207562,0.0055459357594156294,-0.2440299093723297,-0.21370158437639475,[],[]
70eb2f20,umls,reciprocal_relations_model,0,search,negative_sampling,valid,5,,,,mean_reciprocal_rank_filtered_with_test,0.0445483155045772,99,70c0e039,256.0,Adagrad,0.06453651829999377,10.0,256.0,uniform_,0.6956059208992319,-0.17027561197697183,lp,False,8.974257706074776e-16,8.792671022273937e-13,0.011048765853047371,0.31202923972159624,[],[]
70eb2f20,umls,reciprocal_relations_model,1,search,negative_sampling,valid,400,,,,mean_reciprocal_rank_filtered_with_test,0.7529071737652177,96,d9905ed7,1024.0,Adagrad,0.002866092296585971,6.0,16.0,normal_,0.00010194177586898902,-0.26334230218166477,lp,False,2.408719549652052e-09,7.630192501343148e-20,0.26345964800566435,-0.4254010673612356,[],[]
70eb2f20,umls,distmult,0,search,negative_sampling,valid,45,,,,mean_reciprocal_rank_filtered_with_test,0.5343356922360286,98,fdbd3c5d,128.0,Adam,0.4063755798739116,4.0,256.0,xavier_uniform_,0.01980241338769291,-0.7722630075475108,lp,True,2.0357688547821842e-16,4.866100374362416e-10,-0.49949256237596273,0.08476386964321136,[],[]
70eb2f20,umls,distmult,0,search,negative_sampling,valid,400,,,,mean_reciprocal_rank_filtered_with_test,0.4645547691298409,94,1e477142,1024.0,Adagrad,0.0014617693398549269,7.0,128.0,uniform_,1.9036384221967666e-05,-0.025848999592773536,,True,2.607023391940974e-13,2.8698510264944583e-06,0.20278822258114815,-0.33633655961602926,[],[]
