job_id,dataset,model,reciprocal,job,job_type,split,epoch,avg_loss,avg_penalty,avg_cost,metric_name,metric,child_folder,child_job_id,train.batch_size,train.optimizer,train.optimizer_args.lr,train.lr_scheduler_args.patience,lookup_embedder.dim,lookup_embedder.initialize,lookup_embedder.initialize_args.normal_.std,lookup_embedder.initialize_args.uniform_.a,lookup_embedder.regularize,lookup_embedder.regularize_args.weighted,conve.entity_embedder.regularize_weight,conve.relation_embedder.regularize_weight,conve.entity_embedder.dropout,conve.relation_embedder.dropout,negative_sampling.num_negatives_s,negative_sampling.num_negatives_o,conve.feature_map_dropout,conve.projection_dropout,conve.convolution_bias
b5481b7f,umls,conve,1,search,negative_sampling,valid,110,,,,mean_reciprocal_rank_filtered_with_test,0.8096668266811253,0,e5efdb86,1024.0,Adagrad,0.10751963086368396,8.0,32.0,xavier_normal_,3.3945322141391424e-05,-0.9517853229365592,lp,False,4.26713019442229e-15,2.7388355082817817e-05,-0.10986356902867556,0.20935273170471191,[],[],0.19237183639779687,0.42711868695914745,False
b5481b7f,umls,conve,1,search,negative_sampling,valid,75,,,,mean_reciprocal_rank_filtered_with_test,0.3166769296845044,1,b3352087,512.0,Adam,0.14493132810815607,2.0,32.0,uniform_,0.0001977797158572437,-0.38522681979720474,,True,7.359652044230805e-19,5.259953865739397e-16,-0.373368464410305,0.4492211081087589,[],[],0.460737238638103,0.3128610975109041,True
b5481b7f,umls,conve,1,search,negative_sampling,valid,245,,,,mean_reciprocal_rank_filtered_with_test,0.6540990256093031,3,4cc49834,128.0,Adagrad,0.0003407013770186034,7.0,128.0,normal_,0.010896684757569929,-0.5594160424373391,lp,False,2.1220565963312377e-10,1.8564722214418945e-07,0.18751660827547312,-0.006629960611462593,[],[],0.08018804900348186,0.06717623537406325,False
b5481b7f,umls,conve,1,search,negative_sampling,valid,395,,,,mean_reciprocal_rank_filtered_with_test,0.5831293679453844,4,c268089c,128.0,Adam,0.027186224708025123,4.0,16.0,xavier_uniform_,0.0009582014210726876,-0.33345932792643085,lp,True,1.656128214487377e-08,0.01592765481122267,0.26869723573327065,0.06811221688985825,[],[],0.013170278165489435,0.29662754526361823,False
b5481b7f,umls,conve,1,search,negative_sampling,valid,390,,,,mean_reciprocal_rank_filtered_with_test,0.4378464587627013,2,4bef512d,512.0,Adagrad,0.003050848643761201,10.0,256.0,uniform_,0.04842032767658214,-0.7224976696897112,lp,False,1.1375768067150436e-16,8.215120850019753e-12,-0.1693927301093936,-0.3900973033159971,[],[],0.3834679457359016,0.04214599123224616,True
b5481b7f,umls,conve,1,search,negative_sampling,valid,75,,,,mean_reciprocal_rank_filtered_with_test,0.2043512262449674,6,e36b7816,1024.0,Adam,0.0015414576501353793,0.0,512.0,uniform_,0.3086448746267862,-0.16310320813277734,lp,True,2.806622672415825e-13,1.7627211527888984e-09,-0.40979420579969883,-0.14559037424623966,[],[],0.1519672553986311,0.21695090271532536,False
b5481b7f,umls,conve,1,search,negative_sampling,valid,375,,,,mean_reciprocal_rank_filtered_with_test,0.5772565127881758,9,0b89c510,256.0,Adagrad,0.6987412308669866,6.0,64.0,uniform_,0.00014862912114190597,-0.7672275280583464,,False,0.019281581139996163,9.849554674072148e-19,0.029239661060273647,0.3436250053346157,[],[],0.2795796049758792,0.4636194799095392,True
b5481b7f,umls,conve,1,search,negative_sampling,valid,400,,,,mean_reciprocal_rank_filtered_with_test,0.8895318903074674,7,cfe94c41,256.0,Adam,0.0005351550530040434,10.0,64.0,xavier_uniform_,0.140752363186867,-0.8144930162336584,,False,4.245631052337736e-12,2.7481800666364003e-13,-0.20309318602085114,-0.45662773307412863,[],[],0.09653802402317524,0.25522487377747893,True
b5481b7f,umls,conve,1,search,negative_sampling,valid,60,,,,mean_reciprocal_rank_filtered_with_test,0.3257571495383795,10,9aa8f3a6,1024.0,Adagrad,0.25846717628155874,5.0,512.0,normal_,1.8538225867385475e-05,-0.23893292339260686,lp,True,0.0012311178935895202,0.002104201253733269,0.36099146399647,0.024767505936324596,[],[],0.4756376361474395,0.001765658613294363,False
b5481b7f,umls,conve,1,search,negative_sampling,valid,40,,,,mean_reciprocal_rank_filtered_with_test,0.5916807490623802,11,83215cf4,512.0,Adam,0.07888747881494951,5.0,128.0,uniform_,0.0004529175917226241,-0.672363466588473,lp,False,2.5872637766815365e-07,3.2993444488152167e-20,0.12446548230946064,0.2531610941514373,[],[],0.2385065951384604,0.23907057009637356,True
b5481b7f,umls,conve,1,search,negative_sampling,valid,395,,,,mean_reciprocal_rank_filtered_with_test,0.3063578927443802,5,243d87df,128.0,Adagrad,0.008309518343953267,0.0,32.0,normal_,0.005697173080124903,-0.25671412241752256,lp,True,7.498619207819968e-18,2.3070670591982947e-10,-0.43861375469714403,-0.19722828548401594,[],[],0.3612528289668262,0.4847168084233999,False
b5481b7f,umls,conve,1,search,negative_sampling,valid,285,,,,mean_reciprocal_rank_filtered_with_test,0.8758205109578701,8,8eb929fe,128.0,Adam,0.3977741782086177,9.0,128.0,xavier_uniform_,0.001835606252949381,-0.6088787761276215,lp,False,4.85220424635493e-20,1.4196422325008177e-05,-0.01758936233818531,0.13526539038866758,[],[],0.2954561775550246,0.15154795534908772,False
b5481b7f,umls,conve,1,search,negative_sampling,valid,315,,,,mean_reciprocal_rank_filtered_with_test,0.8495618200009586,13,9ea49592,512.0,Adagrad,0.0009962747412604407,3.0,16.0,xavier_normal_,0.021118227968155674,-0.4627655042048171,,True,3.314671873095286e-09,7.242338856712657e-16,0.41828498151153326,-0.3127808263525367,[],[],0.16734028048813343,0.40597562678158283,True
b5481b7f,umls,conve,1,search,negative_sampling,valid,400,,,,mean_reciprocal_rank_filtered_with_test,0.0826696384172498,12,6a9f2508,1024.0,Adam,0.00617639564868198,7.0,64.0,normal_,0.5644659210186609,-0.9033600889831036,lp,False,9.446286222581942e-06,9.53328503485183e-08,0.1587170921266079,-0.08804922830313444,[],[],0.43010663939639926,0.35421803733333945,False
b5481b7f,umls,conve,1,search,negative_sampling,valid,30,,,,mean_reciprocal_rank_filtered_with_test,0.0442040829570746,16,ad51155e,256.0,Adagrad,0.03763546563729229,1.0,256.0,xavier_normal_,6.790124222824252e-05,-0.04265411526519802,lp,True,6.456185102024981e-14,4.4892161684594974e-18,-0.2781626610085368,0.3914911290630698,[],[],0.060281986836344004,0.10760238906368613,True
b5481b7f,umls,conve,1,search,negative_sampling,valid,260,,,,mean_reciprocal_rank_filtered_with_test,0.7233124247357889,15,de63b385,256.0,Adam,0.3429401670413249,0.0,128.0,uniform_,0.028014501988302146,-0.3604991237232834,,False,0.06287486421528363,6.604059779795338e-07,-0.09240909852087498,-0.3730962574481964,[],[],0.4098241585306823,0.1095736506395042,False
b5481b7f,umls,conve,1,search,negative_sampling,valid,275,,,,mean_reciprocal_rank_filtered_with_test,0.8114282338897143,17,e93cc6e8,1024.0,Adagrad,0.0006665054329224882,6.0,16.0,xavier_uniform_,0.001142896657962508,-0.6948432406676188,lp,True,1.821168381489307e-12,1.2955515477488537e-16,0.46966711338609457,0.17653820849955082,[],[],0.037596254143863916,0.3639045241288841,True
b5481b7f,umls,conve,1,search,negative_sampling,valid,335,,,,mean_reciprocal_rank_filtered_with_test,0.8925010821570648,14,da725143,512.0,Adam,0.007052453953398416,4.0,32.0,xavier_normal_,8.731322920833201e-05,-0.12825802746392778,lp,False,3.7889599026006815e-16,0.00012639770855641197,0.23255998268723488,0.4205565582960844,[],[],0.30203721206635237,0.37659958004951477,False
b5481b7f,umls,conve,1,search,negative_sampling,valid,175,,,,mean_reciprocal_rank_filtered_with_test,0.4978320349944881,20,764946f8,128.0,Adagrad,0.05536370837865802,10.0,512.0,normal_,0.3708772397781791,-0.802686395738162,lp,True,1.0980189906870534e-07,2.2888161667522783e-14,-0.3285680366680026,-0.09807204827666283,[],[],0.17247936688363552,0.1300816833972931,True
b5481b7f,umls,conve,1,search,negative_sampling,valid,330,,,,mean_reciprocal_rank_filtered_with_test,0.8743369447673025,19,8382c541,128.0,Adam,0.0013127493265305118,2.0,64.0,normal_,2.813760343009433e-05,-0.0901584648031648,lp,False,3.276333948377505e-11,2.227216105254395e-19,-0.12825452536344528,0.038184331730008125,[],[],0.2343682781793177,0.482676912099123,True
b5481b7f,umls,conve,1,search,negative_sampling,valid,15,,,,mean_reciprocal_rank_filtered_with_test,0.0603458486451693,22,19f35597,512.0,Adagrad,0.4919833192471562,7.0,512.0,xavier_normal_,0.10977815338100144,-0.9794359372995328,,True,2.2408163176634227e-19,6.830195837171162e-09,0.3095901096239686,-0.48225147277116776,[],[],0.35367364762350917,0.22933070734143257,False
b5481b7f,umls,conve,1,search,negative_sampling,valid,255,,,,mean_reciprocal_rank_filtered_with_test,0.8772904097668233,21,19e32eca,1024.0,Adam,0.031658574203628526,4.0,256.0,normal_,0.009175050889677325,-0.4200758151251729,lp,False,6.45003733699015e-16,2.409957021787533e-12,0.050603607669472694,-0.24189511314034462,[],[],0.11828594468533993,0.031088269781321287,True
b5481b7f,umls,conve,1,search,negative_sampling,valid,5,,,,mean_reciprocal_rank_filtered_with_test,0.2426242711353887,23,605fe7cd,256.0,Adagrad,0.004296173916014265,8.0,16.0,uniform_,0.00034043845681715754,-0.5239609894166422,lp,True,4.4092723184367924e-05,0.06749483902411979,-0.38818921614438295,0.31003483198583126,[],[],0.4968591211363673,0.2766224513761699,False
b5481b7f,umls,conve,1,search,negative_sampling,valid,310,,,,mean_reciprocal_rank_filtered_with_test,0.8597267010460602,24,ede17cd6,256.0,Adam,0.08695376799298997,8.0,32.0,uniform_,0.01753069655049841,-0.5734199084478058,lp,True,1.0001300457270531e-14,5.584632156681212e-11,0.3432915471494198,-0.42303763050585985,[],[],0.12533717788755894,0.4420330747961998,False
b5481b7f,umls,conve,1,search,negative_sampling,valid,115,,,,mean_reciprocal_rank_filtered_with_test,0.3707691028805598,25,765378f4,1024.0,Adagrad,0.012572157815694424,1.0,128.0,xavier_normal_,0.0031324963699649573,-0.49761068487366655,lp,False,2.881907990438949e-06,1.1052441768852257e-19,-0.22054967563599348,0.12107219640165567,[],[],0.2554290881380439,0.18769504874944687,True
b5481b7f,umls,conve,1,search,negative_sampling,valid,385,,,,mean_reciprocal_rank_filtered_with_test,0.8711091024012654,18,036d1119,512.0,Adam,0.0004896803733228689,9.0,512.0,uniform_,5.7070904574863386e-05,-0.931014518005196,,True,5.027084435005016e-10,0.0005526011908639225,-0.4834121484309435,0.3453153343871236,[],[],0.022192659322172403,0.051952611189335585,False
b5481b7f,umls,conve,1,search,negative_sampling,valid,385,,,,mean_reciprocal_rank_filtered_with_test,0.8553418118529524,26,b91abe64,128.0,Adagrad,0.1722531635958974,2.0,64.0,xavier_uniform_,0.9731848870297135,-0.015614319468345461,lp,False,1.448799412326811e-20,1.1848035227518832e-12,0.07942032720893621,-0.16730035189539194,[],[],0.3939780662767589,0.2984786140732467,True
b5481b7f,umls,conve,1,search,negative_sampling,valid,185,,,,mean_reciprocal_rank_filtered_with_test,0.4872635917429543,29,0e1affd4,128.0,Adam,0.0024502535743801033,6.0,256.0,xavier_normal_,1.0736360537727437e-05,-0.8499480692543555,lp,True,2.450107747985724e-17,1.6380535501347834e-17,0.37739007361233234,0.22670739982277155,[],[],0.4492747625336051,0.08869400573894382,True
b5481b7f,umls,conve,1,search,negative_sampling,valid,400,,,,mean_reciprocal_rank_filtered_with_test,0.5905236554292083,28,52dd9ec6,512.0,Adagrad,0.02049448168197938,1.0,64.0,xavier_uniform_,0.1676856188175172,-0.2040839280646387,lp,False,1.6844442769420186e-06,2.1186047088073444e-08,-0.05872578639537096,-0.28411631751805544,[],[],0.07212064601480961,0.3420635755173862,False
b5481b7f,umls,conve,1,search,negative_sampling,valid,145,,,,mean_reciprocal_rank_filtered_with_test,0.6983380463957055,31,a0079b29,1024.0,Adam,0.9953706462024213,9.0,16.0,normal_,0.003342251851665827,-0.6447128522254992,lp,True,0.004108737461653391,2.866985340589705e-15,-0.29976944625377655,-0.05523462686687708,[],[],0.3388037900440395,0.4172586314380169,True
b5481b7f,umls,conve,1,search,negative_sampling,valid,140,,,,mean_reciprocal_rank_filtered_with_test,0.072223048999997,30,1efd4bf4,256.0,Adagrad,0.0018157923505348066,5.0,256.0,uniform_,0.0005447005351255275,-0.2837577328734938,,False,2.824281716481087e-11,4.060298588355494e-06,0.13735516462475061,0.4865949498489499,[],[],0.21798779303207994,0.1717020384967327,False
b5481b7f,umls,conve,1,search,negative_sampling,valid,235,,,,mean_reciprocal_rank_filtered_with_test,0.9032515075309144,32,cdc6356e,256.0,Adam,0.04825101118733996,9.0,64.0,xavier_normal_,0.09542936068042049,-0.21981416760511696,lp,True,0.039002022039313744,7.880274584116415e-15,0.21188659593462944,0.43065405264496803,[],[],0.4263696316629648,0.282889224588871,False
b5481b7f,umls,conve,1,search,negative_sampling,valid,360,,,,mean_reciprocal_rank_filtered_with_test,0.9242931904236964,27,924d5e82,1024.0,Adagrad,0.007935357166580876,3.0,256.0,xavier_uniform_,2.258364833778461e-05,-0.8356559878662602,lp,False,5.674980430492811e-13,2.5815842994661594e-06,-0.3502535102888942,-0.11154173500835896,[],[],0.048146932385861874,0.03635702282190323,True
b5481b7f,umls,conve,1,search,negative_sampling,valid,380,,,,mean_reciprocal_rank_filtered_with_test,0.9174807495866084,33,d5d36cd1,512.0,Adam,0.0007708472883970206,7.0,128.0,xavier_normal_,0.00029728122877543554,-0.26893636753268535,,True,2.2055368133424022e-16,2.4689951550757167e-17,-0.10203750617802143,-0.35189797542989254,[],[],0.2836759411729872,0.20334994373843074,False
b5481b7f,umls,conve,1,search,negative_sampling,valid,10,,,,mean_reciprocal_rank_filtered_with_test,0.2223779877270657,37,4137eb4f,128.0,Adagrad,0.307204735417728,1.0,16.0,xavier_uniform_,0.007330842534745097,-0.6618802645889297,lp,False,3.207568115535697e-08,8.763396000766657e-09,0.4591544112190604,0.15880367159843445,[],[],0.1637444864027202,0.4576932149939239,True
b5481b7f,umls,conve,1,search,negative_sampling,valid,295,,,,mean_reciprocal_rank_filtered_with_test,0.7078303705695217,34,11ab702b,128.0,Adam,0.0039031890836624763,10.0,128.0,xavier_normal_,0.0013016418395120197,-0.4495979686788376,lp,True,1.0463326261853631e-10,0.0015014966293147628,0.004934640601277351,-0.2206129226833582,[],[],0.24296928849071264,0.1873607481829822,True
b5481b7f,umls,conve,1,search,negative_sampling,valid,400,,,,mean_reciprocal_rank_filtered_with_test,0.146501599645322,36,df9df5c1,512.0,Adagrad,0.03698826705191679,5.0,32.0,uniform_,0.03524288563930751,-0.6198800863207411,lp,False,3.6299467333497593e-19,7.617781653742098e-13,-0.4329738887026906,0.29212483391165733,[],[],0.37217570282518864,0.4329073275439441,False
b5481b7f,umls,conve,1,search,negative_sampling,valid,190,,,,mean_reciprocal_rank_filtered_with_test,0.9220143885700248,35,379a710b,1024.0,Adam,0.5545348914410982,5.0,64.0,uniform_,0.42404821538354004,-0.06064495383656576,lp,True,2.1951385229989828e-15,8.321150597225186e-11,-0.17728376388549805,0.0481063649058342,[],[],0.10759448213502765,0.3264627419412136,True
b5481b7f,umls,conve,1,search,negative_sampling,valid,400,,,,mean_reciprocal_rank_filtered_with_test,0.1453814009215934,40,6ce539a2,256.0,Adagrad,0.0011506293122797392,1.0,512.0,normal_,0.00010941308821839062,-0.8835081978083681,,False,7.619157509825635e-05,4.6231138001953086e-20,0.26157295797020197,-0.49563725106418133,[],[],0.4804475181736052,0.07310223206877708,False
b5481b7f,umls,conve,1,search,negative_sampling,valid,150,,,,mean_reciprocal_rank_filtered_with_test,0.6152480891877157,39,5ff98c6a,256.0,Adam,0.1957484492568069,4.0,256.0,normal_,0.21039598521688188,-0.9639765404191054,,False,3.332356210290268e-14,5.807773731020252e-12,-0.46276617981493473,0.3669484769925475,[],[],0.14786791382357478,0.14574414817616343,False
b5481b7f,umls,conve,1,search,negative_sampling,valid,290,,,,mean_reciprocal_rank_filtered_with_test,0.1923522364142482,41,9259fa44,1024.0,Adagrad,0.00043272194914352344,10.0,64.0,xavier_uniform_,1.2264255038354669e-05,-0.10717802932372311,lp,True,4.873827354537344e-06,0.04469728579400465,0.10113321896642447,-0.18461525719612837,[],[],0.2683029160834849,0.39225203124806285,True
b5481b7f,umls,conve,1,search,negative_sampling,valid,95,,,,mean_reciprocal_rank_filtered_with_test,0.9230561051631998,42,8d423438,512.0,Adam,0.010803444748074396,0.0,16.0,uniform_,0.000684614792251953,-0.540449362654928,lp,False,1.6398451010866756e-09,3.510558783468963e-19,0.3528868146240711,-0.4134970670565963,[],[],0.0015082387253642082,0.34830744564533234,False
b5481b7f,umls,conve,1,search,negative_sampling,valid,380,,,,mean_reciprocal_rank_filtered_with_test,0.7057244704544909,44,e8728502,128.0,Adagrad,0.09608723736763061,6.0,256.0,xavier_normal_,0.003811339225455034,-0.4060554983972572,lp,True,2.3980154218211455e-20,2.4936720758468514e-09,-0.21000383328646421,0.1070608077570796,[],[],0.37925792299211025,0.09398563206195831,True
b5481b7f,umls,conve,1,search,negative_sampling,valid,355,,,,mean_reciprocal_rank_filtered_with_test,0.8428661135808091,43,c6ffb4b4,128.0,Adam,0.002018977666884699,3.0,32.0,xavier_normal_,0.0025075853111190907,-0.7406396380518843,lp,False,1.4567490358005692e-17,0.0003015231225948277,-0.2540673390030861,-0.04573222529143095,[],[],0.46409754315391183,0.2610291875898838,True
b5481b7f,umls,conve,1,search,negative_sampling,valid,360,,,,mean_reciprocal_rank_filtered_with_test,0.8388721489467503,38,340b5dd8,512.0,Adagrad,0.8572454507243625,8.0,128.0,uniform_,0.015284799566566915,-0.31327219750487245,,True,5.027731166953652e-07,1.530735093373661e-14,0.18210669700056314,0.4727743109688163,[],[],0.09269408462569118,0.015488807111978531,False
b5481b7f,umls,conve,1,search,negative_sampling,valid,390,,,,mean_reciprocal_rank_filtered_with_test,0.4782394221955282,46,4565ce8d,1024.0,Adam,0.018286303116510992,2.0,512.0,xavier_normal_,0.7798939400354886,-0.7540280186854769,lp,False,0.002495249921367189,1.0304001610417945e-06,0.4264467302709818,0.24853129219263792,[],[],0.3260409440845251,0.24498172802850604,True
b5481b7f,umls,conve,1,search,negative_sampling,valid,395,,,,mean_reciprocal_rank_filtered_with_test,0.5795925116977809,47,7ea3b08c,256.0,Adagrad,0.002822637525707285,7.0,32.0,normal_,4.9705159871320635e-05,-0.1745627281757537,lp,True,8.613349482970086e-12,4.776826023036323e-17,-0.010736052878201008,-0.3014693846926093,[],[],0.19535441976040602,0.4983331779949367,False
b5481b7f,umls,conve,1,search,negative_sampling,valid,180,,,,mean_reciprocal_rank_filtered_with_test,0.799720623741852,49,c8d6cc68,256.0,Adam,0.0003094595613894444,5.0,16.0,uniform_,0.04234894645412501,-0.4767524426654447,,False,0.00035032881190655795,2.995149974158013e-08,-0.3208340108394623,0.46324012987315655,[],[],0.33407788164913654,0.4690563133917749,True
b5481b7f,umls,conve,1,search,negative_sampling,valid,355,,,,mean_reciprocal_rank_filtered_with_test,0.801667944785276,48,b639a4f2,1024.0,Adagrad,0.16928839401817,1.0,256.0,xavier_normal_,0.000764658646021623,-0.5923551172924879,lp,True,5.12669936982865e-15,5.842239616320237e-18,0.24106076452881098,-0.016178157180547714,[],[],0.2068474804982543,0.22341627394780517,False
b5481b7f,umls,conve,1,search,negative_sampling,valid,195,,,,mean_reciprocal_rank_filtered_with_test,0.7729721537396952,50,45e01211,512.0,Adam,0.12121991731135766,9.0,256.0,normal_,0.000130502645824836,-0.02566983634148723,lp,False,1.7053714166920522e-18,1.1386731253129166e-05,0.4922370333224535,-0.2606852054595947,[],[],0.4384510018862784,0.017360886558890343,True
b5481b7f,umls,conve,1,search,negative_sampling,valid,90,,,,mean_reciprocal_rank_filtered_with_test,0.0675636888281699,52,e9ac4c3b,128.0,Adagrad,0.014520208871407278,4.0,64.0,xavier_normal_,0.24534122753866278,-0.9188528641308192,lp,True,2.496034315470734e-10,2.028214821202326e-15,-0.06871384102851152,0.18772722221910954,[],[],0.06755872024223208,0.2708148565143347,False
b5481b7f,umls,conve,1,search,negative_sampling,valid,380,,,,mean_reciprocal_rank_filtered_with_test,0.8140756805981595,45,86e67a09,128.0,Adam,0.6088213835313513,8.0,512.0,uniform_,3.887327036832146e-05,-0.19265587895939118,lp,False,1.3856111458752863e-08,1.0043909949168624e-20,-0.3959882128983736,-0.12822968140244484,[],[],0.025689340196549892,0.12319380231201649,False
b5481b7f,umls,conve,1,search,negative_sampling,valid,130,,,,mean_reciprocal_rank_filtered_with_test,0.8946759744655867,54,1e6c1ec3,512.0,Adagrad,0.0017340040097326623,1.0,32.0,normal_,0.08035187167274169,-0.8631771422353945,,True,4.779949875627856e-17,3.0975649369364097e-10,0.04216755833476782,0.3217934872955084,[],[],0.4058575350791216,0.3698194641619921,True
b5481b7f,umls,conve,1,search,negative_sampling,valid,400,,,,mean_reciprocal_rank_filtered_with_test,0.3475968764603503,53,370e181b,1024.0,Adam,0.0035293362530888998,9.0,32.0,xavier_uniform_,0.012535114700930224,-0.3039152996868826,lp,False,2.399274982740611e-13,2.1358192795166478e-13,0.2870851568877697,0.08192523010075092,[],[],0.1373882587067783,0.3903265758417547,False
b5481b7f,umls,conve,1,search,negative_sampling,valid,110,,,,mean_reciprocal_rank_filtered_with_test,0.7829361898036091,57,e536d4a3,256.0,Adagrad,0.02435937676948919,2.0,128.0,normal_,0.00024641928584936816,-0.6265394129255972,lp,True,0.00827544373437048,0.006079582281136457,-0.15201451163738966,-0.3995920792222023,[],[],0.25924995029345155,0.1358898445032537,True
b5481b7f,umls,conve,1,search,negative_sampling,valid,345,,,,mean_reciprocal_rank_filtered_with_test,0.2209647711069306,56,5bd72942,256.0,Adam,0.00923705360562738,2.0,256.0,xavier_normal_,0.026352223504993746,-0.7052949717294332,lp,True,3.70841430295582e-12,6.282771040201034e-10,0.07195701636373997,0.2709032567217946,[],[],0.1151430788449943,0.08276389352977276,True
b5481b7f,umls,conve,1,search,negative_sampling,valid,5,,,,mean_reciprocal_rank_filtered_with_test,0.077426793385137,58,15eff83b,1024.0,Adagrad,0.06792360328763579,7.0,16.0,uniform_,0.002107622690469547,-0.348247314999951,lp,False,0.0005397007825845833,1.2241068535087739e-18,-0.49218389857560396,-0.21843419317156076,[],[],0.4846163005568087,0.32845876924693584,False
b5481b7f,umls,conve,1,search,negative_sampling,valid,165,,,,mean_reciprocal_rank_filtered_with_test,0.9152264741300804,55,c28b2f37,512.0,Adam,0.23067583064999192,3.0,64.0,xavier_uniform_,8.482279136443489e-05,-0.7815529877137299,,True,2.1185484642333382e-07,0.012281885724812602,-0.24332929402589798,-0.44316567201167345,[],[],0.22171733807772398,0.41146588092669845,True
b5481b7f,umls,conve,1,search,negative_sampling,valid,155,,,,mean_reciprocal_rank_filtered_with_test,0.537972479510161,51,02feb783,128.0,Adagrad,0.0006166396262326326,8.0,512.0,uniform_,0.6474067261792655,-0.1474082541891466,lp,False,3.0847421807095223e-18,2.6204760304122512e-11,0.3198062116280198,0.014677637256681919,[],[],0.3504583667963743,0.15795993572100997,False
b5481b7f,umls,conve,1,search,negative_sampling,valid,390,,,,mean_reciprocal_rank_filtered_with_test,0.6733627787396952,61,121a3530,128.0,Adam,0.042758326306514036,0.0,32.0,uniform_,1.4749583216393007e-05,-0.9993173920824379,lp,True,1.1004020945138824e-19,1.8141508861724225e-16,0.14487557485699654,-0.07465581689029932,[],[],0.30639213928952813,0.4479628591798246,False
b5481b7f,umls,conve,1,search,negative_sampling,valid,320,,,,mean_reciprocal_rank_filtered_with_test,0.8429577599273869,59,c149376a,512.0,Adagrad,0.005456618809062781,6.0,512.0,xavier_normal_,0.12342900972170026,-0.07219909716952588,lp,False,3.817059048974669e-09,2.3835644955735176e-07,-0.29105503391474485,0.3815614627674222,[],[],0.18399638263508677,0.20130048086866736,True
b5481b7f,umls,conve,1,search,negative_sampling,valid,180,,,,mean_reciprocal_rank_filtered_with_test,0.7186169302536666,62,976ecb09,1024.0,Adam,0.0008563262764544078,4.0,128.0,xavier_uniform_,0.004540648032738825,-0.5129282082857937,lp,True,2.285174666002295e-05,6.340261374377165e-14,-0.036003271117806435,0.15316775534301996,[],[],0.4212611299008131,0.05774509347975254,False
b5481b7f,umls,conve,1,search,negative_sampling,valid,135,,,,mean_reciprocal_rank_filtered_with_test,0.1803105477175098,64,6564fe4a,256.0,Adagrad,0.43966470968936255,10.0,16.0,xavier_normal_,0.00039649259860058986,-0.43321378704298286,,False,7.922866443614349e-14,9.025430017112216e-05,0.4009327506646514,-0.33405538368970156,[],[],0.04153543245047331,0.3122214023023844,True
b5481b7f,umls,conve,1,search,negative_sampling,valid,255,,,,mean_reciprocal_rank_filtered_with_test,0.8583531291938267,65,2bb0279a,256.0,Adam,0.0010271209085362316,6.0,256.0,xavier_uniform_,0.00440286662678827,-0.79547732702218,lp,False,6.256756809181505e-09,5.1328666903432266e-05,0.17432746663689613,0.021357460878789425,[],[],0.005624175537377596,0.4515611049719155,False
b5481b7f,umls,conve,1,search,negative_sampling,valid,95,,,,mean_reciprocal_rank_filtered_with_test,0.5295684908065328,67,c4aa23d6,1024.0,Adagrad,0.3849702124879257,2.0,64.0,uniform_,0.0007015633452866111,-0.1486300244991854,lp,True,9.150661625395364e-20,1.1135360774359992e-13,-0.2625234378501773,-0.467850293032825,[],[],0.37508023297414184,0.19818676682189107,True
b5481b7f,umls,conve,1,search,negative_sampling,valid,365,,,,mean_reciprocal_rank_filtered_with_test,0.8131320695935583,66,7c7e9321,512.0,Adam,0.04112549058874347,8.0,16.0,normal_,1.4301491954449592e-05,-0.7157310436900706,lp,False,9.530718435066704e-14,1.4705813018809887e-07,-0.0019786302000284195,-0.19282597210258245,[],[],0.14369045943021774,0.062443881295621395,False
b5481b7f,umls,conve,1,search,negative_sampling,valid,385,,,,mean_reciprocal_rank_filtered_with_test,0.1130637654497579,68,e73dcfc1,128.0,Adagrad,0.0055813412500192615,3.0,128.0,xavier_uniform_,0.2184068904114814,-0.35379276300478724,,True,1.3936528651335276e-05,2.94484532913898e-16,0.43392456229776144,0.26537592243403196,[],[],0.27241813857108355,0.3080071499571204,True
b5481b7f,umls,conve,1,search,negative_sampling,valid,370,,,,mean_reciprocal_rank_filtered_with_test,0.9392392211165164,63,c65ace25,128.0,Adam,0.2683205736785372,6.0,32.0,xavier_uniform_,4.3820406943954734e-05,-0.5038046174781676,lp,False,0.0007737645840165243,1.5151284501381785e-11,0.10885519720613956,-0.3249950436875224,[],[],0.32185586309060454,0.07818890642374754,True
b5481b7f,umls,conve,1,search,negative_sampling,valid,200,,,,mean_reciprocal_rank_filtered_with_test,0.9204400185427052,71,3aa7f5ed,512.0,Adagrad,0.0005215344663362342,0.0,128.0,xavier_normal_,0.7306558672972946,-0.4270272378900182,lp,True,2.670843636242668e-12,0.021210194215548584,-0.4542528884485364,0.13086365815252066,[],[],0.19947727071121335,0.3325488669797778,False
b5481b7f,umls,conve,1,search,negative_sampling,valid,395,,,,mean_reciprocal_rank_filtered_with_test,0.8110729755799463,60,5a9d2bc3,1024.0,Adam,0.009161271355854657,10.0,512.0,xavier_uniform_,0.01361439656716284,-0.9859116079979297,,False,4.2816694047787406e-18,7.76065495313089e-19,-0.21870406717061996,0.40271403174847364,[],[],0.46822111029177904,0.40774347679689527,True
b5481b7f,umls,conve,1,search,negative_sampling,valid,380,,,,mean_reciprocal_rank_filtered_with_test,0.8471704026672737,70,43cd9139,256.0,Adagrad,0.07192574389454474,4.0,64.0,xavier_normal_,0.0023785508540819307,-0.0695432534470688,lp,True,1.4781827444474785e-07,9.921627204886993e-10,0.34535173419862986,-0.08463881071656942,[],[],0.08850876241922379,0.1611974467523396,False
b5481b7f,umls,conve,1,search,negative_sampling,valid,75,,,,mean_reciprocal_rank_filtered_with_test,0.3508389946873202,73,d79b4dd3,256.0,Adam,0.0031314660084995256,1.0,64.0,xavier_uniform_,0.007044608772190057,-0.02012629752883688,lp,True,6.569088106239218e-17,0.002667019726139182,-0.4254352170974016,0.21375485882163048,[],[],0.287303120829165,0.12008014973253012,False
b5481b7f,umls,conve,1,search,negative_sampling,valid,80,,,,mean_reciprocal_rank_filtered_with_test,0.7651354549852617,75,afd728ae,1024.0,Adagrad,0.026192904679729796,5.0,256.0,uniform_,0.00025556149523239374,-0.9084187013623677,,False,9.557983236111696e-09,4.876020201814588e-13,0.013631313107907772,-0.26577786542475224,[],[],0.16005555167794228,0.3734177714213729,True
b5481b7f,umls,conve,1,search,negative_sampling,valid,400,,,,mean_reciprocal_rank_filtered_with_test,0.2393017166231307,72,cac9350c,512.0,Adam,0.7661990876215452,4.0,256.0,normal_,2.184533878363682e-05,-0.4755287668884731,lp,True,0.012000847544898136,1.2525757210605291e-10,0.2530556283891201,-0.010040713474154472,[],[],0.4226799844764173,0.38611238123849034,False
b5481b7f,umls,conve,1,search,negative_sampling,valid,5,,,,mean_reciprocal_rank_filtered_with_test,0.0578828706331779,77,abed518a,128.0,Adagrad,0.0013977613786289448,9.0,16.0,xavier_normal_,0.08333717548152124,-0.5784288725171052,lp,False,1.745230348865231e-13,2.4809342108254777e-20,-0.18500167410820723,0.43799787014722824,[],[],0.05177434952929616,0.14058869006112218,True
b5481b7f,umls,conve,1,search,negative_sampling,valid,400,,,,mean_reciprocal_rank_filtered_with_test,0.3823337905977401,76,129126e1,128.0,Adam,0.1111277725350035,1.0,128.0,xavier_uniform_,0.0001149844919290168,-0.30657304887627246,,True,6.22864631468138e-15,9.13056928049787e-16,-0.3577273041009903,-0.378874646499753,[],[],0.10389720275998116,0.4731464688666165,True
b5481b7f,umls,conve,1,search,negative_sampling,valid,400,,,,mean_reciprocal_rank_filtered_with_test,0.2630327142820768,74,46d5bdb3,512.0,Adagrad,0.016067962124473464,7.0,32.0,normal_,0.47758413500854197,-0.6399471024770382,lp,False,0.0002161105138549882,2.5323229351911613e-05,0.20312510523945093,0.07152235880494118,[],[],0.4840825656428933,0.21884134458377957,False
b5481b7f,umls,conve,1,search,negative_sampling,valid,400,,,,mean_reciprocal_rank_filtered_with_test,0.0874366818761533,80,a807a799,1024.0,Adam,0.00037693540039610896,2.0,32.0,xavier_normal_,0.037315100715343184,-0.19884051892017007,lp,True,4.0448844507081417e-10,2.3985947754517547e-18,0.4676069188863039,0.3314100205898285,[],[],0.24660409661009908,0.0205984590575099,True
b5481b7f,umls,conve,1,search,negative_sampling,valid,395,,,,mean_reciprocal_rank_filtered_with_test,0.8208578846937308,81,f0460f60,256.0,Adagrad,0.13259837694369836,8.0,512.0,normal_,0.0014884220643712378,-0.8722988238508347,lp,False,1.4041307560451828e-18,7.284297004076381e-08,-0.09425471443682909,-0.14999284408986568,[],[],0.3684791414998472,0.2670925138518214,False
b5481b7f,umls,conve,1,search,negative_sampling,valid,390,,,,mean_reciprocal_rank_filtered_with_test,0.7526773090011503,69,a125a8ac,256.0,Adam,0.021262934303405773,10.0,256.0,uniform_,0.6140851096940828,-0.5387831957333256,lp,True,6.834218313800537e-07,8.255480245627433e-17,-0.28412865847349167,0.11666971910744905,[],[],0.22583351330831647,0.26524332258850336,True
b5481b7f,umls,conve,1,search,negative_sampling,valid,140,,,,mean_reciprocal_rank_filtered_with_test,0.8647354219588765,83,6c27dc2e,1024.0,Adagrad,0.002385784154055888,4.0,16.0,xavier_normal_,7.555363804528985e-05,-0.3916867475762311,,False,9.944827083299327e-18,5.95514420772791e-07,0.15296376589685678,-0.4352525928989053,[],[],0.3462818688713014,0.010789901949465275,False
b5481b7f,umls,conve,1,search,negative_sampling,valid,395,,,,mean_reciprocal_rank_filtered_with_test,0.5861422766937069,79,60691d20,512.0,Adam,0.0020016395180037284,6.0,64.0,normal_,0.0019745403975903815,-0.9587534422855545,lp,True,1.2612873710399103e-11,2.419113072665674e-14,0.393031457439065,-0.1638902025297284,[],[],0.11096633970737457,0.24809532100334764,True
b5481b7f,umls,conve,1,search,negative_sampling,valid,185,,,,mean_reciprocal_rank_filtered_with_test,0.4100492044460554,85,cba98eab,128.0,Adagrad,0.9072079181231759,0.0,256.0,xavier_uniform_,0.023232586408276867,-0.09706429233335889,lp,False,0.0018362963683610446,0.00019108017832797713,-0.043116589076817036,0.3565379688516259,[],[],0.4887331919744611,0.4947348111309111,False
b5481b7f,umls,conve,1,search,negative_sampling,valid,15,,,,mean_reciprocal_rank_filtered_with_test,0.338331795908922,86,24a43253,128.0,Adam,0.012953587463417736,8.0,32.0,uniform_,0.00041159315560357357,-0.7605025634261406,,True,5.987262194055567e-06,4.375630772068374e-09,-0.4990530852228403,-0.2953395629301667,[],[],0.41707676416262984,0.1425065160728991,False
b5481b7f,umls,conve,1,search,negative_sampling,valid,100,,,,mean_reciprocal_rank_filtered_with_test,0.6037027089873706,87,9695c94d,512.0,Adagrad,0.08408059665262019,3.0,512.0,xavier_uniform_,0.005294837639424909,-0.18397432947209102,lp,False,2.076952125192541e-14,1.997669815995608e-19,0.0638115769252181,0.22329666931182146,[],[],0.04565995233133435,0.39597431430593133,True
b5481b7f,umls,conve,1,search,negative_sampling,valid,395,,,,mean_reciprocal_rank_filtered_with_test,0.4129167802494727,82,8b83c7c5,1024.0,Adam,0.18820046331503185,7.0,128.0,xavier_normal_,0.12648622196739717,-0.742885394743327,lp,True,3.8487641352695145e-20,0.07248919865764149,0.3276502527296543,0.4988095695152879,[],[],0.31051594484597445,0.34421723056584597,False
b5481b7f,umls,conve,1,search,negative_sampling,valid,360,,,,mean_reciprocal_rank_filtered_with_test,0.9391779987358608,78,cf5c6c91,256.0,Adagrad,0.00044234566764820383,2.0,32.0,normal_,1.703858407045258e-05,-0.32626790945937856,lp,False,1.3344438313892251e-09,3.585323342156034e-12,-0.23615878354758024,-0.050832522101700306,[],[],0.1798122525215149,0.09856050182133913,True
b5481b7f,umls,conve,1,search,negative_sampling,valid,135,,,,mean_reciprocal_rank_filtered_with_test,0.7271857700464915,84,5d44ee8c,256.0,Adam,0.5086739597723982,3.0,16.0,xavier_normal_,0.2805432145042209,-0.2790520099899825,lp,False,6.012179183799859e-19,1.0277206959043154e-19,0.03499297983944416,0.17994861863553524,[],[],0.44207937363535166,0.18266178155317903,True
b5481b7f,umls,conve,1,search,negative_sampling,valid,390,,,,mean_reciprocal_rank_filtered_with_test,0.7442101788667083,88,6f7aaed8,1024.0,Adagrad,0.001273770834381,9.0,256.0,xavier_uniform_,0.00013817728226574977,-0.6671052681894134,lp,True,8.797047402476846e-11,3.7488345513423496e-11,-0.4038282157853246,-0.3618733324110508,[],[],0.06387002393603325,0.43712140107527375,False
b5481b7f,umls,conve,1,search,negative_sampling,valid,340,,,,mean_reciprocal_rank_filtered_with_test,0.869975552237107,90,d9319b40,512.0,Adam,0.0047572739117502875,1.0,512.0,xavier_normal_,0.0008611882243287246,-0.23418100923395713,lp,False,9.059315712104579e-05,1.851907221406178e-12,-0.14386551082134247,-0.10247377306222916,[],[],0.33038990339264274,0.3228643173351884,True
b5481b7f,umls,conve,1,search,negative_sampling,valid,240,,,,mean_reciprocal_rank_filtered_with_test,0.7973773230804256,93,a4522a88,128.0,Adagrad,0.028982083637882215,7.0,64.0,xavier_uniform_,0.04450593909084196,-0.8373202455956767,,True,1.325789759483037e-15,0.0006169212572243749,0.29395075235515833,0.4083423186093569,[],[],0.2104756128974259,0.07621576730161905,False
b5481b7f,umls,conve,1,search,negative_sampling,valid,400,,,,mean_reciprocal_rank_filtered_with_test,0.7884323962627013,92,d150ddd2,128.0,Adam,0.0006843607934660674,5.0,512.0,uniform_,0.00021519671107924365,-0.04765115107424556,lp,False,8.052746140988204e-13,2.0018217772384378e-08,0.24817052111029625,-0.47003665193915367,[],[],0.1336926482617855,0.28661144990473986,False
b5481b7f,umls,conve,1,search,negative_sampling,valid,30,,,,mean_reciprocal_rank_filtered_with_test,0.4597783468983656,95,46a571e4,512.0,Adagrad,0.3304558404979165,10.0,32.0,xavier_normal_,0.01212516422747068,-0.8812643503091112,lp,True,0.02778089001708295,1.082109619945483e-17,-0.31292912643402815,0.0425866674631834,[],[],0.26288571301847696,0.03311933297663927,True
b5481b7f,umls,conve,1,search,negative_sampling,valid,395,,,,mean_reciprocal_rank_filtered_with_test,0.826682623178681,94,c167f1bf,1024.0,Adam,0.06076221445872788,0.0,16.0,xavier_uniform_,0.06907633624415643,-0.4401844619155675,,False,4.504663771665286e-08,6.380424806054948e-06,-0.07679796405136585,0.2988122794777155,[],[],0.029325340408831835,0.20792475203052163,False
b5481b7f,umls,conve,1,search,negative_sampling,valid,380,,,,mean_reciprocal_rank_filtered_with_test,0.8506833878031538,97,207a88b4,256.0,Adagrad,0.006398879186857767,5.0,128.0,normal_,3.735509926322545e-05,-0.6134036361131444,lp,True,1.5537786378939e-16,3.1836446408090393e-15,0.4853066196665168,-0.24530518054962158,[],[],0.40216121217235923,0.4536029384471476,True
b5481b7f,umls,conve,1,search,negative_sampling,valid,395,,,,mean_reciprocal_rank_filtered_with_test,0.931957876755416,89,7ed5b581,256.0,Adam,0.7780300134067666,2.0,32.0,normal_,0.006048585879628911,-0.9292169837601949,lp,False,1.1249612371182684e-06,2.3031823538042977e-06,0.4108054358512163,-0.17337736394256353,[],[],0.23481050971895456,0.09180581057444215,True
b5481b7f,umls,conve,1,search,negative_sampling,valid,370,,,,mean_reciprocal_rank_filtered_with_test,0.86590576171875,91,4b47c817,1024.0,Adagrad,0.0022162927713054855,8.0,512.0,xavier_normal_,0.0005164090110004571,-0.0011289831280055784,lp,True,3.261961895536499e-17,5.075375726426589e-15,-0.02634516078978777,0.37037388514727354,[],[],0.36488906666636467,0.3384596058167517,False
b5481b7f,umls,conve,1,search,negative_sampling,valid,400,,,,mean_reciprocal_rank_filtered_with_test,0.5783570646508339,96,369ede26,512.0,Adam,0.0027165613418972064,3.0,128.0,uniform_,1.942918038878276e-05,-0.5683129190011789,lp,False,2.122076186940463e-11,1.3107226489024158e-08,-0.2697082757949829,0.09486110415309668,[],[],0.10017354926094413,0.42146716360002756,True
b5481b7f,umls,conve,1,search,negative_sampling,valid,400,,,,mean_reciprocal_rank_filtered_with_test,0.3693424529093175,98,2f0bdd50,128.0,Adagrad,0.0187526751828551,9.0,16.0,normal_,0.15898198715805498,-0.4876287920390907,,True,0.006150080848885261,2.6375678151555922e-17,0.16649794671684504,-0.4178842855617404,[],[],0.47194178821519017,0.1670013451948762,False
b5481b7f,umls,conve,1,search,negative_sampling,valid,305,,,,mean_reciprocal_rank_filtered_with_test,0.840818627480349,99,0c772f2b,128.0,Adam,0.00039547087591914774,1.0,256.0,normal_,6.587187023701868e-05,-0.651314949630443,lp,False,1.8360547738505285e-06,6.906040854825273e-13,0.36852819845080376,0.47716115694493055,[],[],0.4337345324456692,0.4379448862746358,False
