job_id,dataset,model,reciprocal,job,job_type,split,epoch,avg_loss,avg_penalty,avg_cost,metric_name,metric,child_folder,child_job_id,train.batch_size,train.optimizer,train.optimizer_args.lr,train.lr_scheduler_args.patience,lookup_embedder.dim,lookup_embedder.initialize,lookup_embedder.initialize_args.normal_.std,lookup_embedder.initialize_args.uniform_.a,lookup_embedder.regularize,lookup_embedder.regularize_args.weighted,transe.entity_embedder.regularize_weight,transe.relation_embedder.regularize_weight,transe.entity_embedder.dropout,transe.relation_embedder.dropout,negative_sampling.num_negatives_s,negative_sampling.num_negatives_o,train.loss_arg,transe.l_norm,transe.entity_embedder.normalize.p,transe.relation_embedder.normalize.p
71fb414d,wnrr,transe,0,search,negative_sampling,valid,260,,,,mean_reciprocal_rank_filtered_with_test,0.1323372043114236,0,ee994888,128.0,Adam,0.04037750921964654,0.0,512.0,uniform_,0.0005086783205562308,-0.9496710741968174,,False,0.0017081734800652821,5.236358548459824e-17,0.05420091934502125,-0.1480969963595271,[],[],8.194897761568427,1.0,-1.0,2.0
71fb414d,wnrr,transe,0,search,negative_sampling,valid,400,,,,mean_reciprocal_rank_filtered_with_test,0.1507296577911276,1,75ed97f8,1024.0,Adam,0.0014276041160182266,3.0,64.0,normal_,0.007613285743532009,-0.7379341767528,lp,False,4.483207646981908e-19,1.8337709906454708e-11,0.34179799538105726,0.3341470519080758,[],[],7.335580913349986,2.0,-1.0,-1.0
71fb414d,wnrr,reciprocal_relations_model,1,search,negative_sampling,valid,400,,,,mean_reciprocal_rank_filtered_with_test,0.1762781011170278,2,609216e1,256.0,Adagrad,0.8763737401258715,7.0,128.0,uniform_,5.3179490938486316e-05,-0.3177819134054519,lp,True,1.2960893636327928e-08,1.1357519046702557e-06,-0.11441883910447359,-0.2530925376340747,[],[],1.988004744052887,1.0,2.0,2.0
71fb414d,wnrr,reciprocal_relations_model,1,search,negative_sampling,valid,105,,,,mean_reciprocal_rank_filtered_with_test,0.1369908533366636,3,5e803be8,1024.0,Adam,0.015872697446241122,4.0,128.0,uniform_,0.023439196608204777,-0.7641897248279955,lp,True,0.0002606715662697525,2.0324087845926267e-05,0.24315983336418867,0.4779282547533512,[],[],5.1576828956604,1.0,-1.0,2.0
71fb414d,wnrr,transe,0,search,negative_sampling,valid,35,,,,mean_reciprocal_rank_filtered_with_test,0.1803007283019013,4,40f919e4,256.0,Adagrad,0.10153818242587596,6.0,64.0,xavier_uniform_,3.244478410332153e-05,-0.1799613471944257,,False,5.564519767092333e-13,1.5222471960653035e-19,-0.45686568785458803,-0.4339831471443176,[],[],0.5138421338051558,2.0,2.0,-1.0
71fb414d,wnrr,transe,0,search,negative_sampling,valid,55,,,,mean_reciprocal_rank_filtered_with_test,0.0112720922018716,5,7c46f15d,512.0,Adagrad,0.0007369538138524799,9.0,256.0,xavier_uniform_,0.2265614688705991,-0.38242013685368004,lp,False,1.4050357076886012e-09,6.939103724159647e-16,-0.18196344934403896,0.12296312674880028,[],[],4.0295258071273565,1.0,2.0,2.0
71fb414d,wnrr,reciprocal_relations_model,1,search,negative_sampling,valid,215,,,,mean_reciprocal_rank_filtered_with_test,0.1432457397702342,6,e00bf3f0,128.0,Adam,0.2701966061367877,1.0,32.0,normal_,0.0010923847722800624,-0.548180438973112,lp,True,4.132905172775616e-18,3.493046837773743e-11,0.39208550937473774,-0.03995559364557266,[],[],9.298252128064632,2.0,-1.0,-1.0
71fb414d,wnrr,reciprocal_relations_model,1,search,negative_sampling,valid,160,,,,mean_reciprocal_rank_filtered_with_test,0.1118504543719357,7,691e7a6c,1024.0,Adagrad,0.058684404959675224,1.0,16.0,xavier_normal_,0.002637892655444044,-0.6252543542915676,,False,9.181932925582294e-12,1.5266807624693505e-18,-0.4065964752808213,0.14478500373661518,[],[],5.694037387147546,2.0,2.0,-1.0
71fb414d,wnrr,transe,0,search,negative_sampling,valid,45,,,,mean_reciprocal_rank_filtered_with_test,0.1406914768206421,8,79dfc48c,256.0,Adam,0.009314425862891478,9.0,512.0,normal_,0.10245361300176947,-0.3032417962877638,lp,True,1.845601479390062e-05,0.0002425884451961721,0.13617204036563635,-0.1887304875999689,[],[],0.9732923097908497,1.0,-1.0,2.0
71fb414d,wnrr,transe,0,search,negative_sampling,valid,135,,,,mean_reciprocal_rank_filtered_with_test,0.1401373222617625,9,f17dd80b,512.0,Adam,0.16892976461268744,7.0,32.0,normal_,1.533335136071767e-05,-0.009108284232374197,lp,True,7.079411352046949e-17,6.964092382565324e-10,0.4716209154576063,0.25078786350786686,[],[],4.4889759831130505,2.0,-1.0,-1.0
71fb414d,wnrr,reciprocal_relations_model,1,search,negative_sampling,valid,55,,,,mean_reciprocal_rank_filtered_with_test,0.0121948315111837,10,09be1a0d,128.0,Adagrad,0.0004537895321552175,3.0,256.0,xavier_uniform_,0.05406426352222791,-0.9370870427503157,lp,False,9.89491853582818e-11,1.634990986162492e-14,-0.19712416268885136,-0.33379598148167133,[],[],9.834606619551778,1.0,2.0,2.0
71fb414d,wnrr,reciprocal_relations_model,1,search,negative_sampling,valid,90,,,,mean_reciprocal_rank_filtered_with_test,0.1286152969792868,11,4f3d6ac3,512.0,Adam,0.02524757353728286,5.0,128.0,xavier_normal_,0.00011605939629583142,-0.4887227284282446,,False,0.028660669177711807,2.626435769281657e-18,0.06646050326526165,0.4370200028643012,[],[],3.0142029840499163,1.0,-1.0,2.0
71fb414d,wnrr,transe,0,search,negative_sampling,valid,55,,,,mean_reciprocal_rank_filtered_with_test,0.0216578469122406,12,9150d13b,128.0,Adagrad,0.002355829463643399,5.0,64.0,uniform_,0.0031822451407094838,-0.5651322402094584,lp,True,5.9086273560775655e-15,0.0005189534941232379,-0.3585368040949106,-0.47901246417313814,[],[],7.657318990677595,2.0,2.0,-1.0
71fb414d,wnrr,transe,0,search,negative_sampling,valid,390,,,,mean_reciprocal_rank_filtered_with_test,0.1914093077929301,13,4a9c22c9,1024.0,Adagrad,0.5064419004642043,2.0,512.0,xavier_uniform_,0.000222205959789375,-0.8724484020737465,lp,True,2.1630665982969703e-07,1.1324471577912276e-07,-0.006486841477453709,0.04204616602510214,[],[],6.798002142459154,1.0,2.0,2.0
71fb414d,wnrr,reciprocal_relations_model,1,search,negative_sampling,valid,55,,,,mean_reciprocal_rank_filtered_with_test,0.0414912878248985,14,79020734,256.0,Adam,0.0008378518630949763,8.0,16.0,uniform_,0.5408240345449041,-0.19886160478372128,lp,False,3.2362394268414784e-20,1.5363276834909002e-12,0.29448702838271856,-0.1231010528281331,[],[],1.5297716949135065,2.0,-1.0,-1.0
71fb414d,wnrr,reciprocal_relations_model,1,search,negative_sampling,valid,385,,,,mean_reciprocal_rank_filtered_with_test,0.1896215248988031,15,d4a7efb5,1024.0,Adam,0.0005249551801034686,7.0,64.0,normal_,0.01385854706961011,-0.6825946999225206,lp,True,3.490657953919357e-08,2.953819798319582e-16,-0.3341749608516693,-0.18125884421169758,[],[],1.684418497607112,1.0,2.0,-1.0
71fb414d,wnrr,transe,0,search,negative_sampling,valid,30,,,,mean_reciprocal_rank_filtered_with_test,0.1462914322895208,16,63e4d931,256.0,Adagrad,0.3123206494571076,3.0,128.0,xavier_normal_,2.7479582328444538e-05,-0.2619541322685871,lp,False,1.5599609754226248e-18,0.06612691321574883,0.12217534333467484,0.23106382228434086,[],[],6.335736066102982,2.0,-1.0,2.0
71fb414d,wnrr,transe,0,search,negative_sampling,valid,55,,,,mean_reciprocal_rank_filtered_with_test,0.0117775433615154,17,37e86bdf,512.0,Adagrad,0.010698253018751037,0.0,16.0,uniform_,0.13026432898692558,-0.05070636799995787,,False,0.0008198468083278712,2.0126455458742467e-07,0.27012517396360636,-0.2940364871174097,[],[],7.82005500048399,1.0,-1.0,-1.0
71fb414d,wnrr,reciprocal_relations_model,1,search,negative_sampling,valid,25,,,,mean_reciprocal_rank_filtered_with_test,0.0041230383403378,18,e001d1dd,128.0,Adam,0.10933102538529206,10.0,512.0,xavier_uniform_,0.000899735567200227,-0.8800494838242792,lp,True,2.6589466790676805e-14,3.3921445366094148e-12,-0.06220169272273779,0.36727886088192463,[],[],2.543851872906089,2.0,2.0,2.0
71fb414d,wnrr,reciprocal_relations_model,1,search,negative_sampling,valid,55,,,,mean_reciprocal_rank_filtered_with_test,0.0037194055872837,19,37b2a830,512.0,Adagrad,0.002060232975190747,1.0,256.0,normal_,0.4387150261605303,-0.4519501865831297,lp,True,1.0219182356410105e-17,1.3620464866266802e-20,0.1742138648405671,-0.3929263027384877,[],[],9.685450633987784,2.0,-1.0,2.0
71fb414d,wnrr,transe,0,search,negative_sampling,valid,55,,,,mean_reciprocal_rank_filtered_with_test,0.0066553510642004,20,e69b1557,128.0,Adam,0.7313457100121904,9.0,32.0,xavier_uniform_,0.0006004843795946597,-0.6172221881212294,lp,False,5.325052344529234e-09,1.897501119956696e-06,-0.3997169127687812,0.4446842735633254,[],[],4.955512098968029,1.0,2.0,-1.0
71fb414d,wnrr,transe,0,search,negative_sampling,valid,5,,,,mean_reciprocal_rank_filtered_with_test,0.162327715497152,21,7a3ce1ba,1024.0,Adam,0.005837395567265735,6.0,256.0,xavier_uniform_,0.01324368829057944,-0.8201701109558717,,False,2.4520047929332146e-13,3.9053394940047036e-10,-0.23516599833965302,-0.006680612452328205,[],[],0.8148311078548431,2.0,2.0,2.0
71fb414d,wnrr,reciprocal_relations_model,1,search,negative_sampling,valid,55,,,,mean_reciprocal_rank_filtered_with_test,0.0030933639762742,22,bfb4e526,256.0,Adagrad,0.03619943533387099,4.0,32.0,uniform_,6.457749578511072e-05,-0.23545342156521043,lp,True,8.884649680214434e-05,7.429638107592067e-15,0.4647413417696953,0.08187624718993902,[],[],6.169884083792567,1.0,-1.0,-1.0
71fb414d,wnrr,reciprocal_relations_model,1,search,negative_sampling,valid,55,,,,mean_reciprocal_rank_filtered_with_test,0.018335652964321,23,200d0a1d,512.0,Adam,0.4593436658252465,3.0,32.0,normal_,0.00014090974768349727,-0.06255521330741232,lp,False,3.1107992447197184e-10,4.4873408940910434e-05,-0.4792524753138423,-0.23388586472719908,[],[],8.837816845625639,1.0,2.0,-1.0
71fb414d,wnrr,transe,0,search,negative_sampling,valid,55,,,,mean_reciprocal_rank_filtered_with_test,0.0029219018839343,24,81d3b49b,128.0,Adagrad,0.001272864383989425,7.0,128.0,uniform_,0.005534700927496265,-0.9910222761319392,lp,True,1.4520484192193305e-16,2.7055669179532253e-19,0.18937427271157503,0.18212823662906885,[],[],4.182341219857335,2.0,-1.0,2.0
71fb414d,wnrr,transe,0,search,negative_sampling,valid,395,,,,mean_reciprocal_rank_filtered_with_test,0.1386723075167631,25,759c1475,1024.0,Adagrad,0.02099165601679722,10.0,32.0,normal_,0.00026235568702876404,-0.6964012998145259,lp,True,5.38795344282135e-06,8.841431300557308e-14,0.4144723005592823,-0.37104718666523695,[],[],0.04166022874414921,1.0,-1.0,-1.0
71fb414d,wnrr,reciprocal_relations_model,1,search,negative_sampling,valid,5,,,,mean_reciprocal_rank_filtered_with_test,0.0934934873838682,26,4742a15e,256.0,Adam,0.003441225953098424,1.0,256.0,xavier_normal_,0.9147049366827054,-0.37487704984256065,,False,3.4655087438942603e-12,3.9285044443554535e-09,-0.12817788496613503,0.2958521628752351,[],[],5.322250295430422,2.0,2.0,2.0
71fb414d,wnrr,reciprocal_relations_model,1,search,negative_sampling,valid,50,,,,mean_reciprocal_rank_filtered_with_test,0.1264651354473518,27,cdce2349,1024.0,Adagrad,0.1811338623066319,8.0,512.0,uniform_,0.00217230136977046,-0.8010267582538351,lp,False,9.340900939038413e-20,0.005556751789700356,0.01424315944314003,-0.44213641434907913,[],[],2.4539308436214924,2.0,-1.0,2.0
71fb414d,wnrr,transe,0,search,negative_sampling,valid,55,,,,mean_reciprocal_rank_filtered_with_test,0.0408202757863677,28,550d7c45,256.0,Adam,0.0003094306271209726,2.0,16.0,xavier_uniform_,0.0588966291467895,-0.12792826154514214,lp,True,4.832428995110412e-07,2.936388327484809e-17,-0.2868642695248127,0.3923320434987545,[],[],7.1870355401188135,1.0,2.0,-1.0
71fb414d,wnrr,transe,0,search,negative_sampling,valid,45,,,,mean_reciprocal_rank_filtered_with_test,0.00901263909035,29,ec4b60a8,512.0,Adam,0.0686602181375479,5.0,128.0,uniform_,1.2989086840954263e-05,-0.43475695914740675,lp,True,1.5836725734809277e-15,1.4343825422352306e-13,-0.07446107547730207,-0.07832106947898865,[],[],8.671354474499822,2.0,2.0,2.0
71fb414d,wnrr,reciprocal_relations_model,1,search,negative_sampling,valid,400,,,,mean_reciprocal_rank_filtered_with_test,0.1362045177442114,30,54a98555,128.0,Adagrad,0.006610473243128556,5.0,64.0,normal_,0.03197139340958954,-0.511654782685712,,False,0.011782198068151686,1.0132086624636197e-08,0.35066979099065065,0.005079034715890884,[],[],3.3133642189204693,1.0,-1.0,-1.0
71fb414d,wnrr,reciprocal_relations_model,1,search,negative_sampling,valid,40,,,,mean_reciprocal_rank_filtered_with_test,0.1640686859955658,31,1d46391c,1024.0,Adam,0.027313312602631628,2.0,256.0,uniform_,0.08398000239975191,-0.16559743175185282,lp,True,7.776081514431076e-16,5.969304722575186e-07,0.26364021096378565,0.12932489532977343,[],[],5.00675811432302,1.0,-1.0,-1.0
71fb414d,wnrr,transe,0,search,negative_sampling,valid,55,,,,mean_reciprocal_rank_filtered_with_test,0.0028527630106272,32,86c89f90,256.0,Adagrad,0.002644995869999819,8.0,32.0,normal_,0.0029290377656543422,-0.7805910407652333,lp,False,0.014227559155372934,8.338223425381527e-12,-0.03795549925416708,-0.2045199191197753,[],[],0.3519691154360771,2.0,2.0,2.0
71fb414d,wnrr,transe,0,search,negative_sampling,valid,395,,,,mean_reciprocal_rank_filtered_with_test,0.1702959315904128,33,73212e7c,512.0,Adagrad,0.5878899752509453,6.0,128.0,normal_,0.044129866068475285,-0.5317450500088929,lp,False,6.524774611393346e-20,1.1883041429736943e-16,-0.3275068923830986,0.2664859788492322,[],[],3.8676120340824127,1.0,2.0,-1.0
71fb414d,wnrr,reciprocal_relations_model,1,search,negative_sampling,valid,400,,,,mean_reciprocal_rank_filtered_with_test,0.1260208401463105,34,910f1b16,128.0,Adam,0.0009945108528580423,4.0,64.0,xavier_normal_,1.7339427018665217e-05,-0.3967423387752752,,True,1.6444655071516738e-06,0.02254637935766175,0.09811225533485413,-0.3182436069473624,[],[],9.1473628859967,2.0,-1.0,2.0
71fb414d,wnrr,reciprocal_relations_model,1,search,negative_sampling,valid,85,,,,mean_reciprocal_rank_filtered_with_test,0.1783910963829206,35,ca3bd4b0,512.0,Adagrad,0.05288190430072183,7.0,64.0,xavier_uniform_,0.0040724582520058955,-0.96644622300243,lp,True,2.331931945279948e-06,6.721768031067024e-11,-0.22816217690706253,0.4215586185455322,[],[],3.6233298759907484,2.0,2.0,2.0
71fb414d,wnrr,transe,0,search,negative_sampling,valid,250,,,,mean_reciprocal_rank_filtered_with_test,0.164265380537502,36,342bccc9,128.0,Adam,0.008582550341275369,4.0,128.0,xavier_normal_,0.00010020362221530984,-0.10487302248259067,lp,False,4.741071416341875e-12,1.5088200347563736e-15,0.4399762898683548,-0.49480065330863,[],[],8.35681602358818,1.0,-1.0,-1.0
71fb414d,wnrr,transe,0,search,negative_sampling,valid,270,,,,mean_reciprocal_rank_filtered_with_test,0.1113861023633198,37,1d7eb655,1024.0,Adam,0.14179594667051654,1.0,16.0,xavier_uniform_,0.6950327657659275,-0.3327220938295219,lp,False,1.9153377184617637e-10,6.632347566849567e-20,0.16702693793922663,0.057743512094020844,[],[],7.49745886772871,2.0,-1.0,2.0
71fb414d,wnrr,reciprocal_relations_model,1,search,negative_sampling,valid,55,,,,mean_reciprocal_rank_filtered_with_test,0.0159631740441822,38,a93b20ae,256.0,Adagrad,0.00039531073807264446,9.0,512.0,uniform_,0.0001883774938474995,-0.7211402061061747,,True,5.598166396759758e-16,1.114845439764666e-05,-0.3751349663361907,-0.10754788294434547,[],[],2.138934573158622,1.0,2.0,-1.0
71fb414d,wnrr,reciprocal_relations_model,1,search,negative_sampling,valid,365,,,,mean_reciprocal_rank_filtered_with_test,0.1486073282099744,39,43515f76,512.0,Adam,0.013666414295682598,9.0,512.0,xavier_uniform_,0.00041576388946351915,-0.581445804085955,lp,False,2.8674797216099356e-13,2.998617127601599e-14,0.4228799305856228,0.20560293458402157,[],[],2.8535171039402485,1.0,-1.0,-1.0
71fb414d,wnrr,transe,0,search,negative_sampling,valid,50,,,,mean_reciprocal_rank_filtered_with_test,0.0595694022030915,40,6a21e34f,128.0,Adagrad,0.0855829854013066,1.0,16.0,normal_,0.287266617275778,-0.4742786902431678,lp,True,3.2695091129233904e-05,1.5888144325240195e-09,-0.1505625657737255,-0.13236056081950665,[],[],7.505216160789132,2.0,2.0,2.0
71fb414d,wnrr,transe,0,search,negative_sampling,valid,55,,,,mean_reciprocal_rank_filtered_with_test,0.0030794979792012,41,12808cdf,1024.0,Adagrad,0.0006816157705287553,4.0,128.0,normal_,4.3282455437023106e-05,-0.21334782214640635,,True,3.296650526492825e-17,0.0001120896381198891,-0.4879652811214328,0.3183808159083128,[],[],6.645859004929662,1.0,2.0,-1.0
71fb414d,wnrr,reciprocal_relations_model,1,search,negative_sampling,valid,135,,,,mean_reciprocal_rank_filtered_with_test,0.148444601321739,42,39d4b09b,256.0,Adam,0.2405596394545207,6.0,64.0,uniform_,0.008585446082314385,-0.8561693992323801,lp,False,2.7287891435674115e-09,7.896592052496499e-19,0.21145377773791552,-0.2685758378356695,[],[],1.3691218011081219,2.0,-1.0,2.0
71fb414d,wnrr,reciprocal_relations_model,1,search,negative_sampling,valid,55,,,,mean_reciprocal_rank_filtered_with_test,0.0067180810826502,43,a1c3ff88,1024.0,Adagrad,0.004561210474191125,3.0,32.0,uniform_,4.140303890857379e-05,-0.28842392523431215,lp,False,0.0008406344102416144,8.293163839219091e-13,-0.08332640957087278,0.49344345461577177,[],[],5.854701828211546,2.0,2.0,2.0
71fb414d,wnrr,transe,0,search,negative_sampling,valid,90,,,,mean_reciprocal_rank_filtered_with_test,0.1361699465787481,44,14ea189a,256.0,Adam,0.04633191776476748,7.0,256.0,xavier_normal_,0.02018170439014929,-0.6421706305835582,lp,True,1.114537654290989e-14,5.013593632019157e-08,0.37351217586547136,-0.41824781987816095,[],[],1.1254499573260546,1.0,-1.0,-1.0
71fb414d,wnrr,transe,0,search,negative_sampling,valid,390,,,,mean_reciprocal_rank_filtered_with_test,0.1132107598261371,45,cb9deed2,512.0,Adam,0.001583414238310683,10.0,16.0,xavier_uniform_,0.0013999057284715443,-0.9201900614064745,,True,9.873234881272816e-08,0.001134464100946646,0.02341366931796074,0.10719752591103315,[],[],4.64109287597239,2.0,-1.0,2.0
71fb414d,wnrr,reciprocal_relations_model,1,search,negative_sampling,valid,35,,,,mean_reciprocal_rank_filtered_with_test,0.0078614328594371,46,62c748e5,128.0,Adagrad,0.9515469779265382,0.0,512.0,xavier_normal_,0.1915410358234945,-0.023953083277465703,lp,False,9.105477064590474e-19,5.0273111073041015e-18,-0.3094014786183834,-0.05543955508619547,[],[],9.995306599885225,1.0,2.0,-1.0
71fb414d,wnrr,reciprocal_relations_model,1,search,negative_sampling,valid,315,,,,mean_reciprocal_rank_filtered_with_test,0.1770600310736136,47,9bde1a55,512.0,Adagrad,0.21634984490252673,5.0,256.0,normal_,0.004915105442648178,-0.6033883761870396,,True,2.3980855243550084e-07,5.799772699788815e-12,0.31974902283400297,-0.2493323888629675,[],[],9.52510803937912,2.0,-1.0,-1.0
71fb414d,wnrr,transe,0,search,negative_sampling,valid,265,,,,mean_reciprocal_rank_filtered_with_test,0.138255562527681,48,51c078b6,128.0,Adam,0.0003543590633124161,5.0,32.0,uniform_,0.0001733662643300613,-0.4678974239761382,lp,False,1.2297249917794969e-20,4.3323688521911563e-07,-0.1057365657761693,0.16632427088916302,[],[],4.803676335141063,1.0,2.0,2.0
71fb414d,wnrr,transe,0,search,negative_sampling,valid,30,,,,mean_reciprocal_rank_filtered_with_test,0.0088055415144073,49,b3e22d2b,1024.0,Adam,0.07630474959363805,8.0,512.0,xavier_normal_,0.8249703486496575,-0.21954074520733202,lp,False,0.08954393334993088,0.03242670586987272,-0.2556383293122053,-0.35533501021564007,[],[],0.66303133033216,2.0,2.0,-1.0
708803bd,wnrr,reciprocal_relations_model,1,search,negative_sampling,valid,5,,,,mean_reciprocal_rank_filtered_with_test,0.0203349227251469,50,989f1102,256.0,Adagrad,0.007163296687061219,2.0,16.0,xavier_uniform_,0.0003205217538635242,-0.8340461020676698,lp,True,3.1940017732640606e-15,1.6366790751753577e-16,0.04582382179796696,0.31138952635228634,[],[],6.009501181542873,1.0,-1.0,2.0
708803bd,wnrr,reciprocal_relations_model,1,search,negative_sampling,valid,40,,,,mean_reciprocal_rank_filtered_with_test,0.0034784978364907,51,e86677fc,1024.0,Adam,0.3962799325324044,10.0,16.0,normal_,0.06957021923961888,-0.27923649662787087,,True,7.495120026781433e-17,4.296465859305159e-15,-0.15939573757350445,-0.45758181158453226,[],[],1.8448158726096153,1.0,2.0,2.0
708803bd,wnrr,transe,0,search,negative_sampling,valid,55,,,,mean_reciprocal_rank_filtered_with_test,0.047123133861162,52,17796f8f,256.0,Adagrad,0.0010707313139856243,0.0,512.0,xavier_uniform_,0.0016926512586110246,-0.6671663642019872,lp,False,3.9318320310450654e-11,1.8350100849770922e-10,0.3828844968229532,0.3765269247815013,[],[],6.487550428137183,2.0,-1.0,-1.0
708803bd,wnrr,transe,0,search,negative_sampling,valid,55,,,,mean_reciprocal_rank_filtered_with_test,0.0269587472149943,53,f7a82d0f,512.0,Adagrad,0.019453894293854492,3.0,64.0,xavier_normal_,0.03718569146755293,-0.8955047475364525,lp,False,2.7394957108884958e-11,3.913603704804947e-06,0.22028694581240416,-0.0626082131639123,[],[],7.971904901787639,1.0,-1.0,2.0
708803bd,wnrr,reciprocal_relations_model,1,search,negative_sampling,valid,5,,,,mean_reciprocal_rank_filtered_with_test,0.1080359683354276,54,cb635e12,128.0,Adam,0.003057710931985398,7.0,128.0,normal_,1.019254315667299e-05,-0.033443298588823445,lp,True,1.0432823502519944e-05,2.4303839591646195e-20,-0.4479698510840535,0.02061575185507536,[],[],2.704208493232727,2.0,2.0,-1.0
708803bd,wnrr,reciprocal_relations_model,1,search,negative_sampling,valid,20,,,,mean_reciprocal_rank_filtered_with_test,0.0595863457958244,55,7b919720,1024.0,Adagrad,0.001852849779833635,6.0,128.0,normal_,2.433345302701979e-05,-0.14371911281529814,lp,False,6.681249032107634e-10,2.188441974734777e-09,0.49571450613439083,-0.16572882141917944,[],[],2.3033493477851152,2.0,-1.0,-1.0
708803bd,wnrr,transe,0,search,negative_sampling,valid,55,,,,mean_reciprocal_rank_filtered_with_test,0.0016968729626448,56,e5497289,256.0,Adam,0.6752159068165278,4.0,64.0,xavier_uniform_,0.017002970403381407,-0.7870289308785554,,True,5.264338241023514e-18,4.312578605814503e-14,-0.20382273383438587,0.24678333569318056,[],[],7.025429587811232,1.0,2.0,2.0
708803bd,wnrr,transe,0,search,negative_sampling,valid,5,,,,mean_reciprocal_rank_filtered_with_test,0.0664001394434044,57,cba24f35,512.0,Adam,0.004890083470309642,2.0,512.0,xavier_normal_,0.0008091286922435438,-0.525610896540014,lp,True,0.0001726107957187488,5.731247967759938e-19,-0.43087317142635584,-0.30978723522275686,[],[],8.509784061461687,2.0,2.0,-1.0
708803bd,wnrr,reciprocal_relations_model,1,search,negative_sampling,valid,55,,,,mean_reciprocal_rank_filtered_with_test,0.0333448873983847,58,9c0fa132,128.0,Adagrad,0.031596979783277246,9.0,16.0,xavier_uniform_,0.15870317485226174,-0.41893203485026953,lp,False,1.9552121930332064e-12,7.796052896389331e-05,0.14268750604242086,0.35177911538630724,[],[],3.162741968408227,1.0,-1.0,2.0
708803bd,wnrr,reciprocal_relations_model,1,search,negative_sampling,valid,135,,,,mean_reciprocal_rank_filtered_with_test,0.1532362835455978,59,689adf75,512.0,Adam,0.0005667836027613784,0.0,32.0,normal_,0.00070729236234047,-0.9756893217903841,lp,False,2.0468370794382605e-19,1.8371676104942757e-08,-0.031038255430758,-0.3773975111544132,[],[],8.988443622365594,1.0,2.0,2.0
708803bd,wnrr,transe,0,search,negative_sampling,valid,400,,,,mean_reciprocal_rank_filtered_with_test,0.1289587454648103,60,a6825fef,128.0,Adagrad,0.35135193737275383,10.0,256.0,uniform_,0.3409117160317149,-0.07994058836391194,,True,1.71726553485155e-08,2.911461087771661e-13,0.30164342280477285,0.46040504425764084,[],[],4.343916196376085,2.0,-1.0,-1.0
708803bd,wnrr,transe,0,search,negative_sampling,valid,55,,,,mean_reciprocal_rank_filtered_with_test,0.0311385942432702,61,a22cb4ff,1024.0,Adagrad,0.01239423286697362,8.0,32.0,xavier_normal_,7.489785062519666e-05,-0.3574728529450484,lp,True,5.402173249130002e-14,1.372349137343426e-17,0.09119502268731594,-0.022432144731283188,[],[],0.20327119156718254,1.0,-1.0,2.0
708803bd,wnrr,reciprocal_relations_model,1,search,negative_sampling,valid,20,,,,mean_reciprocal_rank_filtered_with_test,0.0147294136907367,62,299035b0,256.0,Adam,0.1300307895451639,2.0,256.0,normal_,0.010363712513096339,-0.7117078067220841,lp,False,0.006243273274414386,0.003230539984473419,-0.3655100930482149,0.06637725234031677,[],[],5.472836764529347,2.0,2.0,-1.0
708803bd,wnrr,reciprocal_relations_model,1,search,negative_sampling,valid,395,,,,mean_reciprocal_rank_filtered_with_test,0.1980637290718214,63,2193d051,1024.0,Adagrad,0.6233610109421049,8.0,128.0,xavier_normal_,0.000875116843164901,-0.92354396632744,,True,0.002584353767106744,4.0729359675553105e-08,0.12643757089972496,-0.42510365415364504,[],[],8.97387902252376,1.0,2.0,2.0
708803bd,wnrr,transe,0,search,negative_sampling,valid,25,,,,mean_reciprocal_rank_filtered_with_test,0.1484017419280704,64,d7da5609,256.0,Adam,0.0020069270477039857,2.0,64.0,normal_,0.14992812112042367,-0.0073028859781939515,lp,False,1.3128790849679482e-13,5.494489122545435e-13,-0.41633088514208794,0.4749080380424857,[],[],4.241613522171974,2.0,-1.0,-1.0
708803bd,wnrr,transe,0,search,negative_sampling,valid,85,,,,mean_reciprocal_rank_filtered_with_test,0.1195093203942557,65,070d3884,512.0,Adam,0.029181138531496082,4.0,512.0,uniform_,2.157729952910454e-05,-0.3053273801366333,lp,False,9.741458383160123e-09,7.34389941905737e-18,-0.191233123652637,-0.038827222771942616,[],[],0.2572183683514595,1.0,-1.0,2.0
708803bd,wnrr,reciprocal_relations_model,1,search,negative_sampling,valid,55,,,,mean_reciprocal_rank_filtered_with_test,0.0113272179721135,66,d23993b7,128.0,Adagrad,0.0052947369512315635,6.0,16.0,xavier_uniform_,0.018872382366079334,-0.6390699832656421,lp,True,3.5913910420915537e-19,0.0014429198288296037,0.4775118948891759,0.11206924077123404,[],[],5.614522015675902,2.0,2.0,-1.0
708803bd,wnrr,reciprocal_relations_model,1,search,negative_sampling,valid,390,,,,mean_reciprocal_rank_filtered_with_test,0.1341634510218822,67,fcf49c9b,512.0,Adam,0.32420719582007707,3.0,16.0,xavier_normal_,7.951080122031664e-05,-0.19290439338400023,,True,8.600568214579527e-13,9.77446717383486e-10,-0.3488014144822955,-0.1489827875047922,[],[],2.2397842165082693,2.0,-1.0,-1.0
708803bd,wnrr,transe,0,search,negative_sampling,valid,55,,,,mean_reciprocal_rank_filtered_with_test,0.0063564191150602,68,02b69b90,128.0,Adagrad,0.0006142171898022022,6.0,512.0,normal_,0.009616910838246931,-0.8625658822267875,lp,False,0.0003942471381698334,2.3077571549085248e-14,0.07619595248252153,0.2007403988391161,[],[],6.893352456390858,1.0,2.0,2.0
708803bd,wnrr,transe,0,search,negative_sampling,valid,10,,,,mean_reciprocal_rank_filtered_with_test,0.1156798773245663,69,88241eff,1024.0,Adagrad,0.1199111332303783,9.0,32.0,xavier_normal_,0.0006385270920465172,-0.5747960634884983,lp,False,3.3118783907293807e-18,1.0816197835483614e-18,0.2885988764464855,-0.26173013634979725,[],[],8.533957079052925,2.0,2.0,-1.0
708803bd,wnrr,reciprocal_relations_model,1,search,negative_sampling,valid,395,,,,mean_reciprocal_rank_filtered_with_test,0.1281349418504346,70,7debf85a,256.0,Adam,0.01343985180383944,1.0,256.0,uniform_,0.38550162009766586,-0.49446886140252466,lp,True,1.0556782587870142e-09,0.00017283937002763255,-0.012375053018331528,0.33692517317831516,[],[],3.255426986142993,1.0,-1.0,2.0
708803bd,wnrr,reciprocal_relations_model,1,search,negative_sampling,valid,55,,,,mean_reciprocal_rank_filtered_with_test,0.0061948401564897,71,d9215b65,512.0,Adagrad,0.00038425400226184056,1.0,256.0,xavier_normal_,0.7433177634710981,-0.32349331584558816,lp,False,2.315453102020511e-05,1.9395719699813747e-15,0.060089186765253544,-0.47428302466869354,[],[],1.7425083182752132,1.0,2.0,2.0
708803bd,wnrr,transe,0,search,negative_sampling,valid,120,,,,mean_reciprocal_rank_filtered_with_test,0.1157612206516253,72,abd44d43,128.0,Adam,0.19951238932963167,9.0,32.0,normal_,0.00036149497291181564,-0.7475708913654275,,True,1.2286026000320888e-11,9.715175970965667e-11,-0.27210415061563253,0.4225250370800495,[],[],6.472980873659253,2.0,-1.0,-1.0
708803bd,wnrr,transe,0,search,negative_sampling,valid,35,,,,mean_reciprocal_rank_filtered_with_test,0.158206233085577,73,2e3f50c5,1024.0,Adam,0.007762786723755713,6.0,256.0,xavier_normal_,0.005202321636433051,-0.9397614456834458,lp,True,6.367893150842951e-11,7.307375143841781e-06,-0.12415411323308945,-0.11049842089414597,[],[],8.11358549632132,1.0,-1.0,2.0
708803bd,wnrr,reciprocal_relations_model,1,search,negative_sampling,valid,5,,,,mean_reciprocal_rank_filtered_with_test,0.0155471494972666,74,518652a1,256.0,Adagrad,0.07040959438950067,4.0,32.0,uniform_,0.00016027950555950397,-0.11384770840679292,lp,False,4.655868758581664e-17,5.44602041946929e-20,0.33206266164779663,0.03530279919505119,[],[],2.758151087909937,2.0,2.0,-1.0
708803bd,wnrr,reciprocal_relations_model,1,search,negative_sampling,valid,400,,,,mean_reciprocal_rank_filtered_with_test,0.1509516797100311,75,630ff1ec,1024.0,Adam,0.0011593340573405526,7.0,16.0,xavier_normal_,0.03288741629645936,-0.5619698011879622,lp,False,7.903493456860612e-15,1.299589677998198e-11,-0.46275684982538223,-0.20157951395958662,[],[],9.393026325851679,2.0,-1.0,-1.0
708803bd,wnrr,transe,0,search,negative_sampling,valid,400,,,,mean_reciprocal_rank_filtered_with_test,0.1880731350038109,76,fcc34b7d,256.0,Adagrad,0.36598119145199515,3.0,512.0,xavier_uniform_,1.129120711223943e-05,-0.3844718171745818,,True,0.035969092914031525,8.089112707967155e-07,0.23726873099803925,0.15177454892545938,[],[],4.740106547251344,1.0,2.0,2.0
708803bd,wnrr,transe,0,search,negative_sampling,valid,55,,,,mean_reciprocal_rank_filtered_with_test,0.007774523393685,77,ef2a1cab,512.0,Adagrad,0.0033119805336481664,0.0,64.0,uniform_,0.07496612416099582,-0.17812204541227772,lp,True,2.127644800112919e-20,0.01716817267596831,0.4018198559060693,-0.3387711299583316,[],[],0.755711393430829,2.0,2.0,-1.0
708803bd,wnrr,reciprocal_relations_model,1,search,negative_sampling,valid,110,,,,mean_reciprocal_rank_filtered_with_test,0.1275336932570194,78,013e214a,128.0,Adam,0.017959884866843828,10.0,128.0,xavier_uniform_,0.0015943094916198517,-0.7506203816458955,lp,False,1.3925097753029319e-07,7.388683925383474e-17,-0.1722291624173522,0.2655287394300103,[],[],6.03366931900382,1.0,-1.0,2.0
708803bd,wnrr,reciprocal_relations_model,1,search,negative_sampling,valid,45,,,,mean_reciprocal_rank_filtered_with_test,0.0076974719153789,79,2d4d8057,512.0,Adam,0.08155310539357316,5.0,512.0,xavier_uniform_,4.675482560744296e-05,-0.36130773273723193,lp,True,2.0762120736499867e-18,3.9890384143715963e-13,0.1991086509078741,0.4457516185939312,[],[],5.869256891310215,2.0,2.0,2.0
708803bd,wnrr,transe,0,search,negative_sampling,valid,55,,,,mean_reciprocal_rank_filtered_with_test,0.0016829092092394,80,2d71bd1a,128.0,Adagrad,0.01434122626240598,5.0,16.0,uniform_,0.008100767370969812,-0.6945620911637042,lp,False,4.3559814166713264e-08,2.8320089346190876e-08,-0.469518156722188,-0.4037591442465782,[],[],1.2277430947870016,1.0,-1.0,-1.0
708803bd,wnrr,transe,0,search,negative_sampling,valid,325,,,,mean_reciprocal_rank_filtered_with_test,0.1235530503737588,81,e41b2a07,1024.0,Adagrad,0.22931850111882898,2.0,128.0,uniform_,0.00036912578014367805,-0.9930739899801183,lp,False,1.7580553580225492e-14,0.001988045892490229,-0.13406907115131617,0.09081675484776497,[],[],4.587136162444949,2.0,-1.0,2.0
708803bd,wnrr,reciprocal_relations_model,1,search,negative_sampling,valid,55,,,,mean_reciprocal_rank_filtered_with_test,0.0178458390459074,82,ecbb4155,256.0,Adam,0.0007150092264801279,8.0,64.0,uniform_,0.3192427572103888,-0.07634466120308259,,True,0.0005304391748512309,1.055872292977052e-17,0.40858117397874594,-0.009761884808540344,[],[],9.853611811995506,1.0,2.0,-1.0
708803bd,wnrr,reciprocal_relations_model,1,search,negative_sampling,valid,400,,,,mean_reciprocal_rank_filtered_with_test,0.1371503715540283,83,0ebd93a1,1024.0,Adagrad,0.04412858830162668,0.0,64.0,normal_,0.0014884765820979203,-0.5056627476205211,lp,True,6.647337122235705e-09,6.298043759815261e-14,-0.2965995082631707,0.22236517164856195,[],[],2.9170726984739304,1.0,-1.0,-1.0
708803bd,wnrr,transe,0,search,negative_sampling,valid,5,,,,mean_reciprocal_rank_filtered_with_test,0.0489494560105909,84,58f66383,256.0,Adam,0.0047888197606101275,10.0,128.0,xavier_uniform_,0.1780200024339683,-0.4248473045572638,lp,False,1.35965683517333e-17,2.7843116764224926e-09,0.004507861100137234,-0.17841970454901457,[],[],7.637283755466342,2.0,2.0,2.0
708803bd,wnrr,transe,0,search,negative_sampling,valid,15,,,,mean_reciprocal_rank_filtered_with_test,0.0051026806363009,85,a83e7e56,512.0,Adam,0.9057322935228461,7.0,32.0,xavier_uniform_,3.7318636341858775e-05,-0.13756489047694942,lp,False,5.7502669363314884e-05,6.331430745630832e-05,0.3565580304712057,0.36645411793142557,[],[],6.62167645059526,1.0,2.0,-1.0
708803bd,wnrr,reciprocal_relations_model,1,search,negative_sampling,valid,20,,,,mean_reciprocal_rank_filtered_with_test,0.0267420261410717,86,ee7b6bb9,128.0,Adagrad,0.001663450622826318,3.0,256.0,xavier_normal_,0.022785344867599824,-0.806738127166694,,True,1.6206869400949256e-13,3.7982065670916343e-19,-0.06857277639210224,-0.28344598691910505,[],[],1.2764272466301918,2.0,-1.0,2.0
708803bd,wnrr,reciprocal_relations_model,1,search,negative_sampling,valid,5,,,,mean_reciprocal_rank_filtered_with_test,0.1152862166604008,87,0e9f2431,1024.0,Adam,0.002778691884146899,4.0,512.0,xavier_uniform_,0.03971320420124489,-0.8857957099298853,lp,False,2.2555635752010784e-16,1.3967773044734537e-10,0.11628722678869963,0.4048736309632659,[],[],3.7256278935819864,2.0,2.0,2.0
708803bd,wnrr,transe,0,search,negative_sampling,valid,395,,,,mean_reciprocal_rank_filtered_with_test,0.1115094199334624,88,4f933ac2,256.0,Adagrad,0.02599824112317464,6.0,16.0,xavier_normal_,1.9531938271787535e-05,-0.060370217355769085,lp,True,4.73163579801406e-10,2.6725045344019633e-15,-0.3400631370022893,-0.4488187553361058,[],[],8.371376041322947,1.0,-1.0,-1.0
708803bd,wnrr,transe,0,search,negative_sampling,valid,55,,,,mean_reciprocal_rank_filtered_with_test,0.004064981137441,89,9cb6ca9c,512.0,Adagrad,0.0010441380723580907,8.0,256.0,uniform_,0.08899681573480854,-0.2520716981024481,,True,2.7613502984051363e-12,3.7865178385936487e-20,-0.05246633104979992,0.009869529865682125,[],[],7.355768736451864,2.0,-1.0,2.0
708803bd,wnrr,reciprocal_relations_model,1,search,negative_sampling,valid,20,,,,mean_reciprocal_rank_filtered_with_test,0.0045539598835874,90,521e9f4f,128.0,Adam,0.559932641862839,1.0,32.0,xavier_normal_,0.002711267082875294,-0.6766375220500771,lp,False,4.02803774336862e-06,5.305331577395825e-06,0.279860595241189,-0.0928770499303937,[],[],2.084982441738248,1.0,2.0,-1.0
708803bd,wnrr,reciprocal_relations_model,1,search,negative_sampling,valid,55,,,,mean_reciprocal_rank_filtered_with_test,0.0041461449826164,91,7c1decb7,512.0,Adagrad,0.009003022780859831,10.0,64.0,normal_,0.6156666811450172,-0.24926902446251364,lp,False,7.347840245615572e-07,2.8407349534047855e-07,-0.3938258420675993,0.17709206975996494,[],[],5.138830291107297,1.0,-1.0,-1.0
708803bd,wnrr,transe,0,search,negative_sampling,valid,25,,,,mean_reciprocal_rank_filtered_with_test,0.0037221405642867,92,7faa60c5,128.0,Adam,0.05041078291835373,0.0,128.0,uniform_,0.0002090131475295234,-0.8222556016734149,lp,True,1.451468307579695e-19,4.760530513700037e-12,0.18010487593710423,-0.21908393688499928,[],[],0.41552936658263206,2.0,2.0,2.0
708803bd,wnrr,transe,0,search,negative_sampling,valid,55,,,,mean_reciprocal_rank_filtered_with_test,0.0031899946963386,93,d6e2def5,1024.0,Adam,0.00041483012832540313,2.0,16.0,xavier_uniform_,0.004381385598798295,-0.6154167563397717,,True,0.008805442781374972,2.1047455274546013e-16,0.45500684808939695,0.2830641586333513,[],[],3.7749224342405796,1.0,2.0,-1.0
708803bd,wnrr,reciprocal_relations_model,1,search,negative_sampling,valid,395,,,,mean_reciprocal_rank_filtered_with_test,0.1462614377549233,94,2f4e224e,256.0,Adagrad,0.13511915280667428,8.0,512.0,xavier_normal_,9.423278175852829e-05,-0.4384070244794339,lp,False,1.2623070284558765e-15,0.04685019840858945,-0.24490043241530657,-0.3641186896711588,[],[],9.123185211792588,2.0,-1.0,2.0
708803bd,wnrr,reciprocal_relations_model,1,search,negative_sampling,valid,370,,,,mean_reciprocal_rank_filtered_with_test,0.1427431854670505,95,60f44c45,512.0,Adam,0.001333272944270677,0.0,32.0,xavier_uniform_,0.00028487276266314795,-0.8462599476685282,lp,True,0.018529610412311742,0.0008080319906508529,-0.14076765719801188,-0.48976625595241785,[],[],2.4004413932561874,2.0,-1.0,2.0
708803bd,wnrr,transe,0,search,negative_sampling,valid,55,,,,mean_reciprocal_rank_filtered_with_test,0.0193706165431908,96,eaf96546,128.0,Adagrad,0.4385466663614783,10.0,256.0,xavier_normal_,0.8681703004642297,-0.2073560608873144,lp,False,9.916582803982856e-16,3.562714833946591e-18,0.43267477955669165,0.4067587358877063,[],[],7.0455029141157866,1.0,2.0,-1.0
708803bd,wnrr,transe,0,search,negative_sampling,valid,55,,,,mean_reciprocal_rank_filtered_with_test,0.0057584634326992,97,8876479d,1024.0,Adagrad,0.0036023008614285298,7.0,32.0,normal_,0.00012437055155690912,-0.47999027335807676,,False,1.1104010383506163e-06,1.1702491719117857e-12,0.20562413148581982,-0.09476191643625498,[],[],8.686071699485183,2.0,2.0,2.0
708803bd,wnrr,reciprocal_relations_model,1,search,negative_sampling,valid,55,,,,mean_reciprocal_rank_filtered_with_test,0.1334787468102391,98,cec73554,256.0,Adam,0.020053573432343288,3.0,256.0,xavier_uniform_,0.006118917559410777,-0.5910826956481021,lp,True,4.133669944181594e-20,7.039061018839036e-08,-0.4937948677688837,0.05081679206341505,[],[],3.4161246195435524,1.0,-1.0,-1.0
e35d41e4,wnrr,reciprocal_relations_model,1,search,negative_sampling,valid,50,,,,mean_reciprocal_rank_filtered_with_test,0.0190337639383053,99,b2de6c47,1024.0,Adagrad,0.000324275055543962,6.0,512.0,uniform_,1.3737244555019245e-05,-0.02211312771340823,lp,True,6.044113835875895e-12,0.0003117423999703872,0.3637144397944212,-0.21706354431807995,[],[],8.813186027109623,1.0,2.0,-1.0
