job_id,dataset,model,reciprocal,job,job_type,split,epoch,avg_loss,avg_penalty,avg_cost,metric_name,metric,child_folder,child_job_id,train.batch_size,train.optimizer,train.optimizer_args.lr,train.lr_scheduler_args.patience,lookup_embedder.dim,lookup_embedder.initialize,lookup_embedder.initialize_args.normal_.std,lookup_embedder.initialize_args.uniform_.a,lookup_embedder.regularize,lookup_embedder.regularize_args.weighted,relational_tucker3.entity_embedder.regularize_weight,relational_tucker3.relation_embedder.regularize_weight,relational_tucker3.entity_embedder.dropout,relational_tucker3.relation_embedder.dropout,KvsAll.label_smoothing
ddd58357,wnrr,relational_tucker3,0,search,KvsAll,valid,30,,,,mean_reciprocal_rank_filtered_with_test,0.1934121420451034,0,4c086635,256.0,Adam,0.018490004102958806,0.0,512.0,normal_,0.0013033639848664682,-0.6162258040022663,lp,False,2.899838613510236e-10,4.903391243418628e-17,0.09956116508692503,-0.046930912882089615,-0.08260919786989687
ddd58357,wnrr,relational_tucker3,0,search,KvsAll,valid,35,,,,mean_reciprocal_rank_filtered_with_test,0.0099805562843518,1,452ccf47,1024.0,Adam,0.0005896547522643507,4.0,32.0,xavier_normal_,0.02550878138609953,-0.7880745451478287,lp,False,2.820849654387234e-18,7.664456914924019e-16,0.4753393745049834,0.49024499859660864,-0.2296326119452715
ddd58357,wnrr,reciprocal_relations_model,1,search,KvsAll,valid,55,,,,mean_reciprocal_rank_filtered_with_test,0.0068785404011695,2,aeb6d9b2,128.0,Adagrad,0.16439060730130223,7.0,128.0,uniform_,5.01371056559006e-05,-0.29228300147634,,True,0.0073014642865652695,6.012923764154594e-11,-0.1561510358005762,-0.25455773435533047,0.14422366507351397
ddd58357,wnrr,reciprocal_relations_model,1,search,KvsAll,valid,15,,,,mean_reciprocal_rank_filtered_with_test,0.0301830691574589,3,88f8a658,1024.0,Adam,0.009854494180169312,4.0,128.0,xavier_normal_,0.006665120807770487,-0.6690303783815261,lp,True,9.56770414413302e-07,6.841809324170976e-05,0.19485723972320557,0.3163783233612776,0.048644875176250935
ddd58357,wnrr,relational_tucker3,0,search,KvsAll,valid,395,,,,mean_reciprocal_rank_filtered_with_test,0.0999022491998238,4,7df37662,128.0,Adagrad,0.11739633036576107,5.0,64.0,normal_,3.706315896239375e-05,-0.15688205324164584,lp,False,1.4482566307423789e-12,5.397653857158094e-19,-0.4363479008898139,-0.4231593208387494,-0.1703819816932082
ddd58357,wnrr,relational_tucker3,0,search,KvsAll,valid,55,,,,mean_reciprocal_rank_filtered_with_test,0.0154929906031609,5,f492aef9,512.0,Adagrad,0.0011800602325355372,9.0,512.0,xavier_uniform_,0.22700807633410433,-0.4857149842647184,lp,False,1.7873410581811339e-06,4.5075708695349456e-13,-0.06017294805496931,0.11656495183706284,-0.024530415795743443
ddd58357,wnrr,reciprocal_relations_model,1,search,KvsAll,valid,30,,,,mean_reciprocal_rank_filtered_with_test,0.001425009459041,6,663ef68c,256.0,Adam,0.8122345110868422,2.0,32.0,normal_,0.0004122716131351339,-0.9969940439579357,,True,2.049235242132978e-19,1.816143915779695e-08,0.31715646013617516,-0.13081665616482496,0.20160315949469804
ddd58357,wnrr,reciprocal_relations_model,1,search,KvsAll,valid,55,,,,mean_reciprocal_rank_filtered_with_test,0.0186107612866355,7,7e46699c,1024.0,Adagrad,0.04995845960708231,1.0,16.0,xavier_normal_,0.0002146725364205198,-0.8744036914720945,lp,False,4.38406217786412e-12,4.10304379894215e-20,-0.4973660968244076,0.1445981552824378,0.23198127374052996
ddd58357,wnrr,relational_tucker3,0,search,KvsAll,valid,45,,,,mean_reciprocal_rank_filtered_with_test,0.2272089616829577,8,16078a7a,128.0,Adam,0.011554168888739615,9.0,512.0,normal_,0.0866151861500707,-0.3621481982525997,lp,True,2.0404723984547294e-08,1.0358692224293351e-05,0.12898579705506563,-0.10031714104115963,-0.14657229334115982
ddd58357,wnrr,relational_tucker3,0,search,KvsAll,valid,25,,,,mean_reciprocal_rank_filtered_with_test,0.0016027271708297,9,0cf4afe6,512.0,Adam,0.41699746464349563,7.0,64.0,uniform_,1.695190987495679e-05,-0.03435670269619673,,True,4.0330197640570045e-20,6.625928740629878e-07,0.2571749025955796,0.40694394055753946,-0.29132752418518065
ddd58357,wnrr,reciprocal_relations_model,1,search,KvsAll,valid,55,,,,mean_reciprocal_rank_filtered_with_test,0.0117380837507757,10,71f247cf,256.0,Adagrad,0.0016708058257819554,2.0,256.0,xavier_uniform_,0.004148621090709115,-0.5455283558936044,lp,False,0.0001391739455867785,8.345182444420151e-12,-0.12305272370576859,-0.3301922269165516,0.07558290436863901
ddd58357,wnrr,reciprocal_relations_model,1,search,KvsAll,valid,50,,,,mean_reciprocal_rank_filtered_with_test,0.0007872329232876,11,b245885d,512.0,Adam,0.04628634753717696,6.0,128.0,xavier_normal_,0.00010974355466783977,-0.4148113322242256,lp,False,1.2361954062556257e-09,2.912979817211977e-17,0.03753350488841534,0.2708112671971321,0.022191650234162807
ddd58357,wnrr,relational_tucker3,0,search,KvsAll,valid,45,,,,mean_reciprocal_rank_filtered_with_test,0.0003405431421791,12,e42db9c3,256.0,Adagrad,0.0034765263453477337,4.0,64.0,uniform_,0.040942497502965344,-0.911579309421992,lp,True,1.2868534191599905e-15,0.0036478483475418217,-0.34298129472881556,-0.47646922152489424,-0.1992643581703305
ddd58357,wnrr,relational_tucker3,0,search,KvsAll,valid,35,,,,mean_reciprocal_rank_filtered_with_test,0.0026725984044034,13,5d9c6012,1024.0,Adagrad,0.3005018100260888,2.0,256.0,xavier_uniform_,0.0025076897422075806,-0.7388112689561117,,True,0.002020927729385932,4.368898995308019e-09,-0.21531100291758776,0.03312654606997967,-0.05568104702979326
ddd58357,wnrr,reciprocal_relations_model,1,search,KvsAll,valid,35,,,,mean_reciprocal_rank_filtered_with_test,0.007295858726426,14,39e225bc,128.0,Adam,0.0003908421904367149,8.0,16.0,uniform_,0.6788224835688408,-0.24340178723697548,lp,False,1.5618750372213113e-16,1.0971976112850113e-13,0.41126702912151814,-0.2063137935474515,0.17741811778396366
ddd58357,wnrr,reciprocal_relations_model,1,search,KvsAll,valid,55,,,,mean_reciprocal_rank_filtered_with_test,0.0008056794017572,15,9e6d6c08,1024.0,Adam,0.0008425638908237875,7.0,64.0,uniform_,0.011503139750605134,-0.8210109154692664,,True,0.05684893493376734,4.567594941726055e-16,-0.34862829092890024,-0.0053682709112763405,0.10157553870230912
ddd58357,wnrr,relational_tucker3,0,search,KvsAll,valid,25,,,,mean_reciprocal_rank_filtered_with_test,0.0042807491657053,16,09518260,128.0,Adagrad,0.6571797393137374,3.0,128.0,xavier_normal_,2.1493811974471437e-05,-0.31739169128630307,lp,False,2.225834535129237e-17,0.05757597742880772,0.028959324583411217,0.24203208275139332,-0.2792524745687842
ddd58357,wnrr,relational_tucker3,0,search,KvsAll,valid,55,,,,mean_reciprocal_rank_filtered_with_test,0.0015414861290566,17,cf8a2566,512.0,Adagrad,0.007505756220047939,0.0,16.0,uniform_,0.13302116357708813,-0.02051034504106264,lp,False,3.694689338502955e-11,2.771418429384556e-10,0.4051952753216028,-0.2986875018104911,-0.12627813275903463
ddd58357,wnrr,reciprocal_relations_model,1,search,KvsAll,valid,50,,,,mean_reciprocal_rank_filtered_with_test,0.0013963269338689,18,d7e25ff4,256.0,Adam,0.10147698374090615,10.0,256.0,xavier_uniform_,0.0007029512558295387,-0.5246936619411968,lp,True,1.0739943996492583e-14,6.988763069147454e-15,-0.22626807261258364,0.44086888805031776,0.24744759667664767
ddd58357,wnrr,reciprocal_relations_model,1,search,KvsAll,valid,25,,,,mean_reciprocal_rank_filtered_with_test,0.0004538544794408,19,8597c92e,512.0,Adagrad,0.0008007784844643444,1.0,512.0,normal_,0.44235710727434757,-0.4053671694223303,,True,1.5997929573924545e-18,6.205847974758187e-19,0.18736445624381304,-0.3790332078933716,0.1520107615739107
ddd58357,wnrr,relational_tucker3,0,search,KvsAll,valid,55,,,,mean_reciprocal_rank_filtered_with_test,0.0028278326312412,20,c493b387,256.0,Adam,0.19661846101090566,9.0,32.0,uniform_,0.0007637343410039028,-0.893193704854073,lp,False,1.4065681251934102e-05,0.00015561622410878792,-0.4438672699034214,0.36575805116444826,-0.0671693880110979
ddd58357,wnrr,relational_tucker3,0,search,KvsAll,valid,15,,,,mean_reciprocal_rank_filtered_with_test,0.1280057601576662,21,28a05637,1024.0,Adam,0.005529480363354634,5.0,256.0,xavier_uniform_,0.014793218164564768,-0.6907971734863426,lp,False,1.8501603228651987e-13,4.404247525628396e-08,-0.06815013289451599,-0.17238294519484043,-0.22131563164293766
ddd58357,wnrr,reciprocal_relations_model,1,search,KvsAll,valid,50,,,,mean_reciprocal_rank_filtered_with_test,0.0244579629514589,22,0bb4f3ca,128.0,Adagrad,0.02349790111730207,5.0,64.0,xavier_normal_,8.653062982012823e-05,-0.2020708553349878,lp,True,1.2060905758055428e-07,5.525429286098523e-13,0.30914482567459345,0.06462537031620741,0.004966783896088622
ddd58357,wnrr,reciprocal_relations_model,1,search,KvsAll,valid,55,,,,mean_reciprocal_rank_filtered_with_test,0.0006059518988853,23,d618db0a,512.0,Adam,0.23010039439302968,3.0,64.0,normal_,0.00013217132526236106,-0.07557541321281336,lp,False,7.146825485003628e-05,4.357982430393227e-06,-0.3799794679507613,-0.08181911613792181,0.12861768510192634
ddd58357,wnrr,relational_tucker3,0,search,KvsAll,valid,5,,,,mean_reciprocal_rank_filtered_with_test,0.0003185653537217,24,23d28c4f,256.0,Adagrad,0.00034014624090396756,8.0,256.0,uniform_,0.03402474642844838,-0.5633250594216958,,True,2.0544908573824474e-20,3.424012202221449e-20,0.24633797258138657,0.1575942523777485,-0.2497871847823262
ddd58357,wnrr,relational_tucker3,0,search,KvsAll,valid,55,,,,mean_reciprocal_rank_filtered_with_test,0.0118060203154934,25,0c65416b,1024.0,Adagrad,0.03334031439401626,9.0,32.0,normal_,0.0021057305132385043,-0.7667629592015408,lp,True,3.984186729881718e-08,7.114538250544054e-12,0.3740692771971226,-0.35099797789007425,-0.09454001057893038
ddd58357,wnrr,reciprocal_relations_model,1,search,KvsAll,valid,390,,,,mean_reciprocal_rank_filtered_with_test,0.4527110311650255,26,a8f0f7e7,128.0,Adam,0.0028447561401542054,0.0,512.0,xavier_uniform_,0.8076958433549848,-0.2779599902435206,lp,False,8.675156461344362e-12,2.8477450855822057e-07,-0.0061849309131503105,0.39625553973019123,0.2722169822081923
ddd58357,wnrr,reciprocal_relations_model,1,search,KvsAll,valid,5,,,,mean_reciprocal_rank_filtered_with_test,0.0007162919229948,27,b1795ebf,1024.0,Adagrad,0.5983689185625316,8.0,512.0,normal_,0.0002554264585592749,-0.6511290567095298,lp,False,8.041945373137832e-17,0.0008096047643225018,0.09202553611248732,-0.45565185882151127,0.21896761134266857
ddd58357,wnrr,relational_tucker3,0,search,KvsAll,valid,385,,,,mean_reciprocal_rank_filtered_with_test,0.2235485622579515,28,172ffc3d,128.0,Adam,0.0021136064311705594,2.0,16.0,xavier_uniform_,0.07273125689494923,-0.14792241175186815,,True,0.001026750796472813,3.259272111272932e-18,-0.2884622048586607,0.28148803394287825,-0.0026188015937805287
ddd58357,wnrr,relational_tucker3,0,search,KvsAll,valid,110,,,,mean_reciprocal_rank_filtered_with_test,0.2950516501460015,29,fa495c4e,512.0,Adam,0.06713616186684083,4.0,128.0,uniform_,1.4087762845303692e-05,-0.4438843916222359,lp,True,2.5194037981914796e-15,1.1514156947268204e-14,-0.1603341568261385,-0.2248002141714096,-0.15903780609369278
ddd58357,wnrr,reciprocal_relations_model,1,search,KvsAll,valid,50,,,,mean_reciprocal_rank_filtered_with_test,0.0107728320670583,30,a3a3767f,256.0,Adagrad,0.013695146505037357,6.0,32.0,xavier_normal_,0.004996484281810735,-0.9484800493314769,lp,False,2.439652653790932e-09,9.094532065849839e-10,0.4662778517231345,0.020118807442486286,0.07419646605849267
ddd58357,wnrr,reciprocal_relations_model,1,search,KvsAll,valid,45,,,,mean_reciprocal_rank_filtered_with_test,0.0027548224814408,31,14799cd2,1024.0,Adam,0.03952023271998725,2.0,512.0,xavier_uniform_,0.09740626430055807,-0.18426505287633277,lp,True,7.422981010974158e-15,6.286449797460638e-11,0.37707857321947813,0.12506461329758167,-0.19227201193571092
ddd58357,wnrr,relational_tucker3,0,search,KvsAll,valid,55,,,,mean_reciprocal_rank_filtered_with_test,0.0059140028730378,32,7fb59ada,128.0,Adagrad,0.0029722357372892333,8.0,32.0,xavier_normal_,0.000190312735556768,-0.6729607345466408,,False,6.0029839763368086e-09,1.5765052894891553e-15,-0.24558140896260738,-0.1120336139574647,0.033931010216474544
ddd58357,wnrr,relational_tucker3,0,search,KvsAll,valid,5,,,,mean_reciprocal_rank_filtered_with_test,0.0030974832583825,33,cd96969a,512.0,Adagrad,0.35162343212359926,6.0,128.0,normal_,0.0037251592976629243,-0.9696251183292549,lp,False,6.371330188401817e-17,1.1079429535429174e-16,-0.367392310872674,0.4264700450003147,0.17987403050065037
ddd58357,wnrr,reciprocal_relations_model,1,search,KvsAll,valid,180,,,,mean_reciprocal_rank_filtered_with_test,0.3868682197465186,34,2762ed24,256.0,Adam,0.00045769360273432584,4.0,64.0,xavier_normal_,1.8826786877808215e-05,-0.4817681848326605,lp,True,0.0006940169432460207,0.0138987411379453,0.0013919388875365257,-0.31846834626048803,-0.039368632435798634
ddd58357,wnrr,reciprocal_relations_model,1,search,KvsAll,valid,55,,,,mean_reciprocal_rank_filtered_with_test,0.0110302537227824,35,ec542718,512.0,Adagrad,0.054868187222877424,7.0,32.0,uniform_,0.04994267804039856,-0.6045429988109321,lp,True,8.352329228775115e-08,1.2346597989410735e-08,-0.08692273404449224,0.2512777643278241,-0.1348054664209485
ddd58357,wnrr,relational_tucker3,0,search,KvsAll,valid,25,,,,mean_reciprocal_rank_filtered_with_test,0.0041221107553319,36,99f0cfa1,256.0,Adam,0.012699685657153181,2.0,128.0,xavier_normal_,9.02237736804137e-05,-0.1003292838459462,,False,3.0001758136911723e-11,1.5564575600742237e-13,0.28159746527671814,-0.48818573355674744,0.2389827763661742
ddd58357,wnrr,relational_tucker3,0,search,KvsAll,valid,55,,,,mean_reciprocal_rank_filtered_with_test,0.0016849845667457,37,7b6a190c,1024.0,Adam,0.37933167898077813,1.0,16.0,normal_,0.5525454157213774,-0.3039803575060702,lp,False,4.028742607757911e-05,1.6966504490594176e-19,0.15926777943968773,0.05265267472714186,0.09186785425990818
ddd58357,wnrr,reciprocal_relations_model,1,search,KvsAll,valid,55,,,,mean_reciprocal_rank_filtered_with_test,0.0003308112006794,38,0110bbe6,128.0,Adagrad,0.001521888464273502,10.0,512.0,uniform_,0.0030887805989885087,-0.8075689452079869,lp,True,1.9518185485057003e-20,4.2781337055711537e-05,-0.46318918745964766,-0.19458993710577488,-0.28888076562434434
ddd58357,wnrr,reciprocal_relations_model,1,search,KvsAll,valid,55,,,,mean_reciprocal_rank_filtered_with_test,0.0038500215634752,39,d682d220,512.0,Adam,0.008972926901047234,9.0,256.0,xavier_uniform_,0.0011706865410067858,-0.9311320059670601,,False,3.854020111878351e-13,3.1360485640750676e-11,0.34744030702859163,0.2096245475113392,-0.18690955080091953
ddd58357,wnrr,relational_tucker3,0,search,KvsAll,valid,55,,,,mean_reciprocal_rank_filtered_with_test,0.0488451440317031,40,1955858f,256.0,Adagrad,0.10680662406493838,1.0,16.0,xavier_normal_,0.2880174485485942,-0.4265667463226709,lp,True,4.245443730533234e-07,1.2626023239592553e-06,-0.025994177907705307,-0.03521659877151251,0.04640411473810674
ddd58357,wnrr,relational_tucker3,0,search,KvsAll,valid,55,,,,mean_reciprocal_rank_filtered_with_test,0.0016763760372456,41,1a5b6d87,1024.0,Adagrad,0.001297203176638678,5.0,128.0,normal_,5.637612221263541e-05,-0.2238350315869133,lp,True,9.14838252555016e-19,1.796273325552198e-05,-0.4002159610390663,0.47071720845997334,0.18993246741592884
ddd58357,wnrr,reciprocal_relations_model,1,search,KvsAll,valid,40,,,,mean_reciprocal_rank_filtered_with_test,0.0015611353090269,42,5febbee8,128.0,Adam,0.8917180548942409,5.0,64.0,xavier_uniform_,0.022627061431180363,-0.7270723130256217,lp,False,1.3304619040111526e-05,1.4186798315549882e-19,0.21928175631910563,-0.26627995911985636,-0.03159143216907978
ddd58357,wnrr,reciprocal_relations_model,1,search,KvsAll,valid,55,,,,mean_reciprocal_rank_filtered_with_test,0.0003176818926552,43,e448de71,1024.0,Adagrad,0.004481387672193392,3.0,64.0,uniform_,3.0164621918249546e-05,-0.35826708620749415,,False,1.084608436561816e-10,4.108088531368924e-14,-0.1805639723315835,0.33591395895928144,-0.08484080191701651
ddd58357,wnrr,relational_tucker3,0,search,KvsAll,valid,50,,,,mean_reciprocal_rank_filtered_with_test,0.0033297837369915,44,49830d8b,128.0,Adam,0.021627631734441866,7.0,256.0,xavier_normal_,0.008214269715412666,-0.847100691646561,lp,True,2.682708161589727e-14,3.227943040111943e-09,0.43919588439166546,-0.41144497133791447,0.2818536775186658
ddd58357,wnrr,relational_tucker3,0,search,KvsAll,valid,50,,,,mean_reciprocal_rank_filtered_with_test,0.0122144267837232,45,e66727e0,512.0,Adam,0.0005039317623874853,10.0,16.0,xavier_uniform_,0.0005030548668497153,-0.5493949320013263,lp,True,0.045813482417882974,0.0029617090975273238,0.06537081487476826,0.09703714121133089,0.13715349454432724
6bc04e94,wnrr,reciprocal_relations_model,1,search,KvsAll,valid,50,,,,mean_reciprocal_rank_filtered_with_test,0.0064099418071829,46,004046c3,256.0,Adagrad,0.14037662712700777,0.0,512.0,xavier_normal_,0.18655690682360002,-0.061675683857295605,lp,False,1.4940419686962632e-17,1.1853880701906056e-17,-0.3082647742703557,-0.1425388604402542,-0.2413307687267661
6bc04e94,wnrr,reciprocal_relations_model,1,search,KvsAll,valid,55,,,,mean_reciprocal_rank_filtered_with_test,0.0060055260604828,47,a8d1df22,512.0,Adagrad,0.5104572500519929,4.0,256.0,xavier_normal_,0.02928527345443383,-0.8893433447728585,lp,True,0.005430740011141837,2.838676678963539e-15,0.4945840444415808,-0.07010308280587196,-0.014243698306381725
6bc04e94,wnrr,relational_tucker3,0,search,KvsAll,valid,285,,,,mean_reciprocal_rank_filtered_with_test,0.4361958513153016,48,ccb93cb7,256.0,Adam,0.0018009867585521094,6.0,64.0,uniform_,0.00015394667964014014,-0.37803388701478946,lp,False,5.052603662431566e-16,2.2393076005418756e-10,-0.12810299638658762,0.17712823394685984,0.2118242165073752
6bc04e94,wnrr,relational_tucker3,0,search,KvsAll,valid,55,,,,mean_reciprocal_rank_filtered_with_test,0.0029806839296042,49,82bdb035,1024.0,Adam,0.0787618711845616,8.0,512.0,xavier_normal_,0.9529470951957912,-0.20596819085710683,,False,7.692056101998623e-10,0.042633167484216326,-0.250371684320271,-0.3627223130315542,0.057769623957574345
6bc04e94,wnrr,reciprocal_relations_model,1,search,KvsAll,valid,35,,,,mean_reciprocal_rank_filtered_with_test,0.0166842939041127,50,e2b5b432,128.0,Adagrad,0.016055499725408578,2.0,32.0,xavier_uniform_,0.0017900289326915043,-0.7180858795159404,lp,True,9.435560498441594e-16,1.7178749089111854e-16,0.11837858892977238,0.3767298897728324,-0.16134263444691896
6bc04e94,wnrr,reciprocal_relations_model,1,search,KvsAll,valid,40,,,,mean_reciprocal_rank_filtered_with_test,0.0013318281858943,51,9bcd7cda,1024.0,Adam,0.2533714842176807,9.0,16.0,uniform_,0.05644910315388288,-0.3369746629628725,lp,True,1.531398151508861e-19,1.9139633232649272e-12,-0.0325569249689579,-0.44393586087971926,-0.2569214254617691
6bc04e94,wnrr,relational_tucker3,0,search,KvsAll,valid,5,,,,mean_reciprocal_rank_filtered_with_test,0.0006269966212243,52,54fd8569,128.0,Adagrad,0.0003742860812198435,0.0,256.0,xavier_uniform_,0.00032822082226587437,-0.8327355701533146,lp,False,0.00031863604500287194,7.674521387853889e-08,0.3359977276995778,0.30102205090224743,0.11702025309205055
6bc04e94,wnrr,relational_tucker3,0,search,KvsAll,valid,55,,,,mean_reciprocal_rank_filtered_with_test,0.0211609304147719,53,e1f73512,512.0,Adagrad,0.030302548717349925,3.0,32.0,xavier_normal_,0.006356183443855929,-0.505157188873142,,False,3.854619923293964e-12,0.0002958968855163311,0.21412575338035822,-0.23652456980198622,0.2699029974639416
6bc04e94,wnrr,reciprocal_relations_model,1,search,KvsAll,valid,25,,,,mean_reciprocal_rank_filtered_with_test,0.343957165471016,54,f7d6b9bd,256.0,Adam,0.002582560825037519,8.0,128.0,normal_,1.1039657521080032e-05,-0.008740637146681496,lp,True,1.0588571209533593e-08,2.3215655147886378e-18,-0.4083046317100525,0.0005931779742240906,-0.11099431961774825
6bc04e94,wnrr,reciprocal_relations_model,1,search,KvsAll,valid,5,,,,mean_reciprocal_rank_filtered_with_test,0.0003782458500242,55,5bfac897,1024.0,Adagrad,0.0007272494284886265,6.0,128.0,normal_,2.534690262342875e-05,-0.13620884714613668,lp,False,6.797996993048579e-06,1.7892806644235864e-07,0.2769307419657707,-0.017083099111914635,-0.06479588951915502
6bc04e94,wnrr,relational_tucker3,0,search,KvsAll,valid,10,,,,mean_reciprocal_rank_filtered_with_test,0.002404829822407,56,e1cde486,128.0,Adam,0.17868340407441127,5.0,32.0,normal_,0.009780659691390341,-0.6316489653463195,lp,True,4.637096529929245e-19,2.2404823585777122e-12,-0.09647715743631124,0.2224969258531928,0.16836893577128648
6bc04e94,wnrr,relational_tucker3,0,search,KvsAll,valid,390,,,,mean_reciprocal_rank_filtered_with_test,0.4459692414999794,57,2c3c81cc,512.0,Adam,0.006083652234096973,1.0,256.0,xavier_normal_,0.0006054328987135884,-0.9601466533973161,lp,True,8.242539379467677e-07,1.1770123265818592e-20,-0.47024121414870024,-0.2869657762348652,0.011895026452839352
6bc04e94,wnrr,reciprocal_relations_model,1,search,KvsAll,valid,45,,,,mean_reciprocal_rank_filtered_with_test,0.0082537111044715,58,ae41dc56,256.0,Adagrad,0.02588370982543218,8.0,16.0,xavier_uniform_,0.15492941293590962,-0.4634090742644016,,False,7.583278703941142e-13,2.9561747272276635e-06,0.14929095283150673,0.46039717737585306,-0.2094755804166198
6bc04e94,wnrr,reciprocal_relations_model,1,search,KvsAll,valid,55,,,,mean_reciprocal_rank_filtered_with_test,0.0292493710803922,59,6df99666,512.0,Adam,0.0009876628981178833,0.0,32.0,xavier_normal_,0.0009722125683285108,-0.5906777764743752,lp,False,7.654222112512751e-18,1.0287293160538002e-09,-0.1881756316870451,-0.39074799697846174,-0.262866835668683
6bc04e94,wnrr,relational_tucker3,0,search,KvsAll,valid,20,,,,mean_reciprocal_rank_filtered_with_test,0.0028296202205087,60,66ae78bb,256.0,Adagrad,0.7712718009237213,10.0,512.0,xavier_uniform_,0.346630860358886,-0.07953652134181932,lp,True,0.02315983106913553,2.5969503895484986e-14,0.43155025225132704,0.3462228551506996,0.10395819135010242
6bc04e94,wnrr,relational_tucker3,0,search,KvsAll,valid,55,,,,mean_reciprocal_rank_filtered_with_test,0.0154775947666356,61,d187797a,1024.0,Adagrad,0.006397931479482459,6.0,64.0,xavier_normal_,6.712695119981213e-05,-0.2505607894833386,lp,True,5.222410059992105e-14,6.734444801876446e-18,0.05726741161197424,-0.1606611954048276,0.2592601809650659
6bc04e94,wnrr,reciprocal_relations_model,1,search,KvsAll,valid,95,,,,mean_reciprocal_rank_filtered_with_test,0.3168561479019034,62,d0b9d550,128.0,Adam,0.08655688368259289,3.0,128.0,normal_,0.019013321738458846,-0.76284691918388,,False,2.1284155445310596e-10,0.0008482563357127946,-0.3163952399045229,0.08415363542735577,-0.11935904659330845
6bc04e94,wnrr,reciprocal_relations_model,1,search,KvsAll,valid,55,,,,mean_reciprocal_rank_filtered_with_test,0.0094196801132171,63,ac60f930,1024.0,Adagrad,0.19066713391664292,8.0,128.0,xavier_normal_,0.0005609112677586267,-0.5385063237512204,lp,True,3.617785147190999e-10,2.4019930694953393e-09,0.1372245829552412,-0.4337537167593837,-0.005816197581589244
6bc04e94,wnrr,relational_tucker3,0,search,KvsAll,valid,385,,,,mean_reciprocal_rank_filtered_with_test,0.3120896321185419,64,8f6f3aac,128.0,Adam,0.0006815399143978728,2.0,32.0,normal_,0.13975286934094402,-0.0418602964371535,lp,False,1.3134301749385992e-13,6.033274909021197e-14,-0.49010387156158686,0.32666753977537155,0.2203889032825827
6bc04e94,wnrr,relational_tucker3,0,search,KvsAll,valid,55,,,,mean_reciprocal_rank_filtered_with_test,0.0056943912292359,65,7b01fe8a,512.0,Adam,0.02761911700980808,4.0,256.0,normal_,2.7012836908978837e-05,-0.3702626142849307,,False,0.009301197902615355,1.6015410345410944e-17,-0.11579054314643145,-0.13335250783711672,0.06750618573278189
6bc04e94,wnrr,reciprocal_relations_model,1,search,KvsAll,valid,55,,,,mean_reciprocal_rank_filtered_with_test,0.0064792042118039,66,e57e85f9,256.0,Adagrad,0.005701389939949316,6.0,16.0,xavier_uniform_,0.010979727157994255,-0.8657942843039613,lp,True,4.458168788939939e-18,0.0020058843296430345,0.2654136437922716,0.11928391270339489,-0.1517432587221265
6bc04e94,wnrr,reciprocal_relations_model,1,search,KvsAll,valid,5,,,,mean_reciprocal_rank_filtered_with_test,0.0008714305938036,67,8e30806f,512.0,Adam,0.7249932913464182,3.0,16.0,xavier_normal_,6.286276286239102e-05,-0.23516614402003588,lp,True,1.8080251039904024e-12,1.69623050450889e-06,-0.33559511229395866,-0.06002775393426418,-0.24834744036197662
6bc04e94,wnrr,relational_tucker3,0,search,KvsAll,valid,55,,,,mean_reciprocal_rank_filtered_with_test,0.0165397968430541,68,c56ae715,256.0,Adagrad,0.0010507075123215091,7.0,512.0,xavier_uniform_,0.016951059356517487,-0.747543825539425,lp,False,1.4779326645940496e-06,2.1360205593992388e-11,0.04589625168591738,0.20300261583179235,0.12543845549225807
6bc04e94,wnrr,relational_tucker3,0,search,KvsAll,valid,55,,,,mean_reciprocal_rank_filtered_with_test,0.0220715416522896,69,204bae12,1024.0,Adagrad,0.08136415666690393,10.0,64.0,normal_,0.0010483208995276394,-0.9184803527959622,,False,2.615714958768594e-19,1.0503712973630312e-19,0.419629761017859,-0.2595960237085819,0.27949307486414904
6bc04e94,wnrr,reciprocal_relations_model,1,search,KvsAll,valid,90,,,,mean_reciprocal_rank_filtered_with_test,0.3601161526784978,70,54004f4b,128.0,Adam,0.006806245294245513,1.0,256.0,uniform_,0.38496613683771796,-0.40743064948225394,lp,True,2.8191249103262764e-06,2.651386903129822e-05,-0.20792483538389206,0.4955884600058198,-0.10124845951795577
6bc04e94,wnrr,reciprocal_relations_model,1,search,KvsAll,valid,50,,,,mean_reciprocal_rank_filtered_with_test,0.0062476072015932,71,c3a17947,512.0,Adagrad,0.0019159251220029255,1.0,128.0,xavier_normal_,0.8488758895611425,-0.2839249445816967,lp,False,2.6696896819695208e-08,2.0889115710063247e-13,0.10682342946529388,-0.47912142146378756,-0.0745417496189475
6bc04e94,wnrr,relational_tucker3,0,search,KvsAll,valid,40,,,,mean_reciprocal_rank_filtered_with_test,0.0033552164141881,72,212ab34e,256.0,Adam,0.4798338606700535,9.0,64.0,uniform_,0.0016796297502023581,-0.7959510814216826,lp,True,6.533352908396607e-12,8.417930340277431e-09,-0.2697536488994956,0.2736465763300657,0.15877885837107897
6bc04e94,wnrr,relational_tucker3,0,search,KvsAll,valid,55,,,,mean_reciprocal_rank_filtered_with_test,0.0339674475009141,73,6db48992,1024.0,Adam,0.01708035627106165,5.0,512.0,normal_,0.03246561376077089,-0.6239807480167132,lp,True,0.00018611563162162177,3.170640793489243e-05,-0.1479122219607234,-0.2170207230374217,0.003476824052631833
6bc04e94,wnrr,reciprocal_relations_model,1,search,KvsAll,valid,50,,,,mean_reciprocal_rank_filtered_with_test,0.0147173522566994,74,58003bfc,128.0,Adagrad,0.07403593409522993,5.0,32.0,xavier_uniform_,0.00016616646107134593,-0.1125797384397964,,False,6.134859766903756e-20,2.501835106289261e-19,0.4826016239821911,0.043528296053409576,-0.21804956551641225
6bc04e94,wnrr,reciprocal_relations_model,1,search,KvsAll,valid,50,,,,mean_reciprocal_rank_filtered_with_test,0.0076422688201924,75,c1c3e1d3,1024.0,Adam,0.00035076806102915265,7.0,16.0,xavier_normal_,0.005723213231586,-0.9893601036129147,lp,False,1.6870539114877443e-15,1.175077762289224e-15,-0.42798507772386074,-0.10522763803601265,-0.27246621139347554
6bc04e94,wnrr,relational_tucker3,0,search,KvsAll,valid,55,,,,mean_reciprocal_rank_filtered_with_test,0.003618618494284,76,d25803a0,128.0,Adagrad,0.2703591068186464,3.0,256.0,xavier_uniform_,1.0238147819282106e-05,-0.49285200006760654,lp,True,1.838555382227204e-09,9.217079692763451e-11,0.20224350225180387,0.14981382433325052,0.09422162957489488
6bc04e94,wnrr,relational_tucker3,0,search,KvsAll,valid,5,,,,mean_reciprocal_rank_filtered_with_test,0.0004088137600872,77,9ee322da,512.0,Adagrad,0.0024202401743804148,0.0,32.0,normal_,0.06331686318816877,-0.16536135222190984,lp,True,2.090071007061352e-16,0.018746866544863648,0.3245426779612899,-0.3431574609130621,0.2506954941898584
6bc04e94,wnrr,reciprocal_relations_model,1,search,KvsAll,valid,35,,,,mean_reciprocal_rank_filtered_with_test,0.0334414543096533,78,aa375880,256.0,Adam,0.0323348446613457,10.0,128.0,uniform_,0.0003504860841723061,-0.6610307075935042,,False,0.003072099137064512,7.516316191196911e-17,-0.05181016959249973,0.41972607281059027,-0.12778654731810093
6bc04e94,wnrr,reciprocal_relations_model,1,search,KvsAll,valid,50,,,,mean_reciprocal_rank_filtered_with_test,0.0125452643880422,79,61e6534b,512.0,Adam,0.11408275627519503,6.0,512.0,xavier_uniform_,5.223298130824631e-05,-0.2709368703272472,lp,True,3.461262184531563e-17,1.765291992871497e-14,0.2390757529065013,0.3710327921435237,-0.20245718210935593
6bc04e94,wnrr,relational_tucker3,0,search,KvsAll,valid,55,,,,mean_reciprocal_rank_filtered_with_test,0.0003890797898576,80,aee90645,256.0,Adagrad,0.008400631705262182,4.0,16.0,uniform_,0.02041157243201029,-0.7742657035848033,,False,0.07125662103410506,1.3940820071008788e-09,-0.38821825198829174,-0.3841248396784067,0.023608367890119553
6bc04e94,wnrr,relational_tucker3,0,search,KvsAll,valid,35,,,,mean_reciprocal_rank_filtered_with_test,0.002166485267795,81,0097172d,1024.0,Adagrad,0.9524472209573169,2.0,128.0,uniform_,0.0012475687199150515,-0.5714386260963324,lp,False,1.7053105273497565e-14,0.00124124890162024,-0.014423670247197151,0.07747038174420595,0.17072326317429543
6bc04e94,wnrr,reciprocal_relations_model,1,search,KvsAll,valid,55,,,,mean_reciprocal_rank_filtered_with_test,0.0219794859914459,82,769856f5,128.0,Adam,0.001214490640157039,8.0,32.0,normal_,0.3233111867426643,-0.06696491827079087,lp,True,4.7350070499624733e-11,4.996087081940565e-18,0.3668071022257209,-0.18553313612937927,-0.04838192760944365
6bc04e94,wnrr,reciprocal_relations_model,1,search,KvsAll,valid,55,,,,mean_reciprocal_rank_filtered_with_test,0.0028502807541748,83,6e61e8a1,1024.0,Adagrad,0.020350055229158913,0.0,64.0,uniform_,0.0004710805770248782,-0.9402435865588672,lp,True,2.18289361641915e-05,3.2970429141902954e-12,-0.2968249535188079,0.24480438604950905,-0.14513712096959352
6bc04e94,wnrr,relational_tucker3,0,search,KvsAll,valid,105,,,,mean_reciprocal_rank_filtered_with_test,0.3331207899019446,84,7b8f85ce,128.0,Adam,0.004762724017405524,9.0,128.0,xavier_uniform_,0.16631579639770572,-0.4526158902336843,,False,2.0092616456922466e-18,1.3199437845351712e-07,0.08463934808969498,-0.00783540215343237,0.22880661841481925
6bc04e94,wnrr,relational_tucker3,0,search,KvsAll,valid,35,,,,mean_reciprocal_rank_filtered_with_test,0.0016026680769697,85,399550f4,512.0,Adam,0.13208591679942613,8.0,32.0,xavier_uniform_,3.2527267342126723e-05,-0.1548223971539735,lp,False,1.9137778955620433e-07,2.0195867230441816e-06,0.45889167860150337,0.451211454346776,0.08286357130855321
6bc04e94,wnrr,reciprocal_relations_model,1,search,KvsAll,valid,40,,,,mean_reciprocal_rank_filtered_with_test,0.0069618948054455,86,07bca24e,256.0,Adagrad,0.0005355618749188421,3.0,512.0,normal_,0.009123069035098977,-0.643747554411888,lp,True,2.372694983067688e-13,1.5870433096067695e-20,-0.1686968905851245,-0.30921316985040903,-0.29804054517298934
6bc04e94,wnrr,reciprocal_relations_model,1,search,KvsAll,valid,95,,,,mean_reciprocal_rank_filtered_with_test,0.3583762685012566,87,30a30f44,1024.0,Adam,0.0031587930409899914,5.0,512.0,xavier_uniform_,0.0033184992518675333,-0.5163364246022235,,False,3.0433990650065974e-20,1.1274802485028311e-07,0.020720493979752064,0.2942166971042752,-0.1777497712522745
6bc04e94,wnrr,relational_tucker3,0,search,KvsAll,valid,55,,,,mean_reciprocal_rank_filtered_with_test,0.0253011946153232,88,69157db0,128.0,Adagrad,0.037186148989199364,6.0,16.0,xavier_normal_,1.7666526226798766e-05,-0.028387939286781405,lp,True,9.30699085256063e-05,1.4142815169836059e-12,-0.35589056089520454,-0.46868570148944855,0.05540839768946171
6bc04e94,wnrr,relational_tucker3,0,search,KvsAll,valid,50,,,,mean_reciprocal_rank_filtered_with_test,0.0002441818413957,89,2b279735,512.0,Adagrad,0.0004864270788000609,9.0,256.0,uniform_,0.10797911739811845,-0.32514769327261484,lp,True,1.313489837189725e-11,1.5886839447164465e-18,-0.23353032767772675,0.02528101485222578,0.20010862536728385
6bc04e94,wnrr,reciprocal_relations_model,1,search,KvsAll,valid,40,,,,mean_reciprocal_rank_filtered_with_test,0.0024263756638227,90,cf22c066,256.0,Adam,0.33085251087323075,1.0,64.0,normal_,0.0002054089814504997,-0.8137518231240752,lp,False,5.2960345856573304e-08,0.00039831243451997155,0.39695645961910486,-0.2297793123871088,-0.02125977762043474
daa07329,wnrr,reciprocal_relations_model,1,search,KvsAll,valid,20,,,,mean_reciprocal_rank_filtered_with_test,0.0003116754379096,91,d8450dcb,512.0,Adagrad,0.011889925681121906,10.0,64.0,normal_,0.4975019479620729,-0.19443800276385614,,False,0.0015199515708251062,1.5237089663866728e-10,-0.45125352684408426,0.16806461103260517,-0.07582750674337149
daa07329,wnrr,relational_tucker3,0,search,KvsAll,valid,50,,,,mean_reciprocal_rank_filtered_with_test,0.0025768578641887,92,38b1b827,256.0,Adam,0.05860490561177811,0.0,128.0,uniform_,0.002864416559502521,-0.6979350386469252,lp,True,1.0479660565949417e-16,3.842975564717685e-15,0.17900163494050503,-0.0924725765362382,0.2910044448450208
daa07329,wnrr,relational_tucker3,0,search,KvsAll,valid,45,,,,mean_reciprocal_rank_filtered_with_test,0.0111298205904372,93,25488a46,1024.0,Adam,0.0014248220927060744,3.0,16.0,xavier_uniform_,0.05602099926855208,-0.9016738531920314,lp,True,3.6864446565179456e-09,2.5112440544199045e-16,0.300782049074769,0.399159450083971,0.14747613687068223
daa07329,wnrr,reciprocal_relations_model,1,search,KvsAll,valid,50,,,,mean_reciprocal_rank_filtered_with_test,0.0075390041856759,94,16bc866f,128.0,Adagrad,0.40517340436032623,6.0,256.0,xavier_normal_,9.634791849466003e-05,-0.39736858640819783,lp,False,3.3556649205533994e-15,0.03165993658771836,-0.07553634513169527,-0.35359671618789434,-0.23114559855312108
daa07329,wnrr,reciprocal_relations_model,1,search,KvsAll,valid,55,,,,mean_reciprocal_rank_filtered_with_test,0.016102487190664,95,dfcdb968,512.0,Adam,0.0003184729328685335,0.0,64.0,xavier_uniform_,0.0018654742279813326,-0.7201789455355517,,True,3.803426085014667e-09,0.005386038225036899,-0.01763326022773981,-0.4986561480909586,0.11072630602866412
daa07329,wnrr,relational_tucker3,0,search,KvsAll,valid,50,,,,mean_reciprocal_rank_filtered_with_test,0.0070386998497818,96,aa217bd1,256.0,Adagrad,0.24575981921678575,10.0,256.0,xavier_normal_,0.7622628273640689,-0.23122339021278537,lp,False,5.819223880298983e-15,2.1560758099366555e-17,0.354824660345912,0.2619312880560756,-0.2702391793951392
daa07329,wnrr,relational_tucker3,0,search,KvsAll,valid,55,,,,mean_reciprocal_rank_filtered_with_test,0.0009288798843313,97,9dd2f1c8,1024.0,Adagrad,0.0026635262457114623,7.0,32.0,normal_,0.00014730405807085174,-0.43481006542351097,lp,False,0.0004495909276201364,7.470809727258728e-14,0.2266660649329424,-0.19749391078948975,-0.11609296258538962
daa07329,wnrr,reciprocal_relations_model,1,search,KvsAll,valid,50,,,,mean_reciprocal_rank_filtered_with_test,0.0170595524887859,98,6a551de5,128.0,Adam,0.03560887279360555,4.0,512.0,uniform_,0.03650881861575345,-0.9224071252676472,lp,True,5.100077853532662e-17,5.871244777132306e-09,-0.3918550880625844,0.055251468904316425,0.2577702390030026
daa07329,wnrr,reciprocal_relations_model,1,search,KvsAll,valid,55,,,,mean_reciprocal_rank_filtered_with_test,0.0006341791970209,99,0b955ea0,1024.0,Adagrad,0.002246446935335919,5.0,256.0,uniform_,1.2610008362283562e-05,-0.05355359194106413,,True,1.8996102942692654e-11,7.017917244565574e-06,0.4464600579813123,-0.12476234044879675,0.16101504452526566
